image,labels
979e0292c95bc56d_fake_B.jpg,complex
deee221a00ffbd04_fake_B.jpg,complex
e0af1fbcb1404d9a_fake_B.jpg,complex
f13053ad5c9856e5_fake_B.jpg,complex
a5ab5f961e1a7031_fake_B.jpg,complex
e981c0fdc7383732_fake_B.jpg,complex
91803d6d7aaa627e_fake_B.jpg,complex
d80487d5621ef375_fake_B.jpg,complex
fe8ec0dfc9054949_fake_B.jpg,complex
84d0cf1338647bb7_fake_B.jpg,complex
dbbc81f40f4a2a5a_fake_B.jpg,complex
fbd2c0ad0e7f2920_fake_B.jpg,complex
d2d8c79fcc041e78_fake_B.jpg,complex
90f7e0c35d5a1f14_fake_B.jpg,complex
e2d2543ad6e9a156_fake_B.jpg,complex
ef5a95988e912a96_fake_B.jpg,complex
c5a3c8525c5d9d71_fake_B.jpg,complex
9672ce2a6dcf6284_fake_B.jpg,complex
b7bcc2da298038fc_fake_B.jpg,complex
f9a989fd50e0f380_fake_B.jpg,complex
f018c8e95c5eb6c9_fake_B.jpg,complex
d1d97b25a5c7502a_fake_B.jpg,complex
e899d44d97092b6d_fake_B.jpg,complex
e8bd828f4d4a56f0_fake_B.jpg,complex
c1b439c235eb8e47_fake_B.jpg,complex
9a9075e42e8f9ab1_fake_B.jpg,complex
c5e00b90f7dd8137_fake_B.jpg,complex
bdf282578d88638d_fake_B.jpg,complex
c0dfd0dbc9282b4d_fake_B.jpg,complex
ad3b246e94b550a7_fake_B.jpg,complex
d5d4b2834b87a566_fake_B.jpg,complex
f10ed794489b5ec8_fake_B.jpg,complex
fd1ec278190f9b21_fake_B.jpg,complex
d0f28e1e22ad33d6_fake_B.jpg,complex
804e673e9ec3d12b_fake_B.jpg,complex
e898d18f34c56ed8_fake_B.jpg,complex
f470cad238cea56c_fake_B.jpg,complex
d09dd8ce7dd00333_fake_B.jpg,complex
dcc33e12f8e2036b_fake_B.jpg,complex
81cb3d2572b29b99_fake_B.jpg,complex
bc0a82b6b727b658_fake_B.jpg,complex
90f1f8aa55079735_fake_B.jpg,complex
839464c30fca9f9e_fake_B.jpg,complex
93ca66845df1b623_fake_B.jpg,complex
fbd7c2c55288983a_fake_B.jpg,complex
89b949916b36cb9c_fake_B.jpg,complex
d9ec3cc0c83503df_fake_B.jpg,complex
b895389e854bcba9_fake_B.jpg,complex
8f512dd7711c8aa9_fake_B.jpg,complex
8740c92af12b55df_fake_B.jpg,complex
f4c5cfa6c056a970_fake_B.jpg,complex
f89bc8e4ccc289c7_fake_B.jpg,complex
aba0d5b0d2cad85d_fake_B.jpg,complex
fcd4816e99711837_fake_B.jpg,complex
dca4c59705fc9ad0_fake_B.jpg,complex
ccf0cc1dcccd4a4e_fake_B.jpg,complex
ca26391c54b358ef_fake_B.jpg,complex
e642dddf1c19312c_fake_B.jpg,complex
d26be41b657017b2_fake_B.jpg,complex
d67096507875e9b8_fake_B.jpg,complex
aaf5e9d2e1bd1410_fake_B.jpg,complex
ece54474a6c0373d_fake_B.jpg,complex
90b72ad8b7c8b295_fake_B.jpg,complex
cef336193683ac38_fake_B.jpg,complex
f4b4d6559f561406_fake_B.jpg,complex
bfd1d2968b2e3421_fake_B.jpg,complex
c2b5275f2907b878_fake_B.jpg,complex
dde6609c8ae7c170_fake_B.jpg,complex
c3a2b8eff8e06093_fake_B.jpg,complex
d2dc7fa03d141ec2_fake_B.jpg,complex
b7cae1c3462c0e37_fake_B.jpg,complex
ecc13507413766d7_fake_B.jpg,complex
803e60cf3c64e1fe_fake_B.jpg,complex
b2d3eb803c65b625_fake_B.jpg,complex
f8db11c108ceef58_fake_B.jpg,complex
b09a52831fa10bff_fake_B.jpg,complex
958d830e6375673a_fake_B.jpg,complex
d6f008cd65163b2f_fake_B.jpg,complex
b8cf1acafc310873_fake_B.jpg,complex
d54ac26eca16ad17_fake_B.jpg,complex
891b99b0617e6567_fake_B.jpg,complex
eb66c3e3c112c5d2_fake_B.jpg,complex
af2d9468d8e552d4_fake_B.jpg,complex
c310978ff43e1ec8_fake_B.jpg,complex
f5ec9eb058923293_fake_B.jpg,complex
e9c49e8f24e36436_fake_B.jpg,complex
80825b2e837f697d_fake_B.jpg,complex
ece5cd0b1cf09269_fake_B.jpg,complex
e8e9d59782828cde_fake_B.jpg,complex
b5e6d2c6c9c864cc_fake_B.jpg,complex
fca3f83e81b0c1ac_fake_B.jpg,complex
ec62c0a3dc0fb1ce_fake_B.jpg,complex
fb91c09c5cd83de0_fake_B.jpg,complex
ba73c3a2639af121_fake_B.jpg,complex
a83a9d788ae57896_fake_B.jpg,complex
92d85a6ba115dccd_fake_B.jpg,complex
dde56a58255216a7_fake_B.jpg,complex
cd372f87c026994d_fake_B.jpg,complex
c1f5c98a158daa7c_fake_B.jpg,complex
f9138ffada29a900_fake_B.jpg,complex
e3f91cc3c3941b94_fake_B.jpg,complex
8a8437e6c25f2bc9_fake_B.jpg,complex
d6c9931e28d31b66_fake_B.jpg,complex
b4bde8fac498e0c8_fake_B.jpg,complex
b05c512ff9bd80cc_fake_B.jpg,complex
a91fca29cc2e82f6_fake_B.jpg,complex
e4f19402ce83f13f_fake_B.jpg,complex
afa780d2d68e4f88_fake_B.jpg,complex
e80ec5c01fc717e3_fake_B.jpg,complex
e712b70ce21d4a1f_fake_B.jpg,complex
a54bd4b85d9885d9_fake_B.jpg,complex
853761d1d31c7e89_fake_B.jpg,complex
96299a350b35bb66_fake_B.jpg,complex
f5b492f2cb673804_fake_B.jpg,complex
adb0d2d197569496_fake_B.jpg,complex
b2de96165a27a1e2_fake_B.jpg,complex
d76be28063672d15_fake_B.jpg,complex
f1258b4e187ec8b3_fake_B.jpg,complex
d6f8848fb30bce12_fake_B.jpg,complex
fc85397b43070f31_fake_B.jpg,complex
d6c64d877cfc3808_fake_B.jpg,complex
dac97436a8d5e291_fake_B.jpg,complex
8b89d296d42cdde1_fake_B.jpg,complex
d63e2dc3a0395a6a_fake_B.jpg,complex
c542c4667ff88d34_fake_B.jpg,complex
999dc998e68d1bc8_fake_B.jpg,complex
abd580c36285eff0_fake_B.jpg,complex
bcf14581d8274ece_fake_B.jpg,complex
d4bb3c3598ecb148_fake_B.jpg,complex
c06c7a60b360b77e_fake_B.jpg,complex
cfd9b1c23922e70c_fake_B.jpg,complex
90d162cfad5c7853_fake_B.jpg,complex
effe81808a831aaf_fake_B.jpg,complex
aad5940a952f9eb8_fake_B.jpg,complex
f4c2827d8d500efd_fake_B.jpg,complex
adca50d5dc9e30e8_fake_B.jpg,complex
a5dec1984966f331_fake_B.jpg,complex
9af6d185bdc8660c_fake_B.jpg,complex
d7ee131035cba0ad_fake_B.jpg,complex
d7c07894c2bd1f25_fake_B.jpg,complex
eaaf329457d40b16_fake_B.jpg,complex
c0a020df9b3eded8_fake_B.jpg,complex
a0a7c619796537ca_fake_B.jpg,complex
cbc4c43e1f388fc1_fake_B.jpg,complex
9f696aa90869fc23_fake_B.jpg,complex
faa0d0e8d9816dcd_fake_B.jpg,complex
ad2bd48aa8e517b4_fake_B.jpg,complex
d23648cf298d36f4_fake_B.jpg,complex
d4e59ec145970f1a_fake_B.jpg,complex
c03f03ba663a871f_fake_B.jpg,complex
b8e3c09db7cc10d6_fake_B.jpg,complex
abd4aaa4de4d4cd0_fake_B.jpg,complex
87eb994599da9047_fake_B.jpg,complex
b9ea9bc11be42e28_fake_B.jpg,complex
d0ffc280b68b624f_fake_B.jpg,complex
f59f5995d2898948_fake_B.jpg,complex
f3a7adb096e00b8a_fake_B.jpg,complex
b4ec0f96b117231b_fake_B.jpg,complex
aa4ec09174ef58d3_fake_B.jpg,complex
fd81a7dc999a3488_fake_B.jpg,complex
dc3524d8876d4f07_fake_B.jpg,complex
a4b61ee1e996d4e0_fake_B.jpg,complex
80d72f999a956d86_fake_B.jpg,complex
d5e61a986ec3d01d_fake_B.jpg,complex
ad46d4ecc9ed5540_fake_B.jpg,complex
eb9f863dc248d560_fake_B.jpg,complex
89fd3f8768a01de0_fake_B.jpg,complex
e87fb2f01ac77005_fake_B.jpg,complex
a1f89448e061bf7b_fake_B.jpg,complex
d185c95a44f7326b_fake_B.jpg,complex
cfb97653558381d0_fake_B.jpg,complex
b03f9c264e216f99_fake_B.jpg,complex
839f36383b70463e_fake_B.jpg,complex
d83f37f1c9508a91_fake_B.jpg,complex
c5d23aca4fcf5700_fake_B.jpg,complex
f08ac2505faf0b67_fake_B.jpg,complex
e083bcb880bcf57c_fake_B.jpg,complex
94e24a4b96adadc5_fake_B.jpg,complex
c881cb393f703b5a_fake_B.jpg,complex
cf83dc133899c5c5_fake_B.jpg,complex
e5e5de315832e41a_fake_B.jpg,complex
ddd8c0f988653f03_fake_B.jpg,complex
a1d2997748a6ad4b_fake_B.jpg,complex
84846d9648c3f77d_fake_B.jpg,complex
b4518ade814d6b67_fake_B.jpg,complex
f61dd2b8ce724831_fake_B.jpg,complex
af0fce9658945a25_fake_B.jpg,complex
bb9ac1444c2ecb3b_fake_B.jpg,complex
d8f69aa874aa6706_fake_B.jpg,complex
bbf590fc0a40da9a_fake_B.jpg,complex
c3831fb1387f44d4_fake_B.jpg,complex
c0316d80d27de3fc_fake_B.jpg,complex
c0f896d7dbad05a0_fake_B.jpg,complex
d014ea850b9f07ef_fake_B.jpg,complex
dedc61319ed86621_fake_B.jpg,complex
b4adc1cb4f9a3894_fake_B.jpg,complex
fcc41b3987d4a04f_fake_B.jpg,complex
cf7b9047f0417a07_fake_B.jpg,complex
df20cb23305cd78d_fake_B.jpg,complex
84cf8c8fd5978b81_fake_B.jpg,complex
934cad982ef1f036_fake_B.jpg,complex
b02d33b5e45ac669_fake_B.jpg,complex
bb45d01dda2ec43a_fake_B.jpg,complex
8911ca992a69eded_fake_B.jpg,complex
986f50a4ae50753f_fake_B.jpg,complex
96b625968ba9bea0_fake_B.jpg,complex
bd6292864adbf44c_fake_B.jpg,complex
d08e3ee0617dfc21_fake_B.jpg,complex
af9cc47f432043f2_fake_B.jpg,complex
b0c9fe043de87654_fake_B.jpg,complex
f8f2e0955ed945a0_fake_B.jpg,complex
cae2680ea2abebac_fake_B.jpg,complex
c7a88059fc6d44ee_fake_B.jpg,complex
e8cdc595cc50d965_fake_B.jpg,complex
852bc06b76d837f0_fake_B.jpg,complex
88a9b090d7dcdbd8_fake_B.jpg,complex
b1f0e55ada504b5a_fake_B.jpg,complex
d613bdc58cc622da_fake_B.jpg,complex
c0e06a871f3a5afc_fake_B.jpg,complex
aa90a9964abc567d_fake_B.jpg,complex
d5412ad6ae685b78_fake_B.jpg,complex
f01d8783de47d88a_fake_B.jpg,complex
af2392638aa774cc_fake_B.jpg,complex
a3e8ead2d685c583_fake_B.jpg,complex
fc01c79c9ee107e1_fake_B.jpg,complex
e15fe19ec1a84ba4_fake_B.jpg,complex
e3f4c72c5c462339_fake_B.jpg,complex
a6d2d2bada81aaa5_fake_B.jpg,complex
a17dd7f01bc70116_fake_B.jpg,complex
80c23fcf63786e70_fake_B.jpg,complex
eeab848a855ca56d_fake_B.jpg,complex
b268f1daa1657c45_fake_B.jpg,complex
e1f112f8656464af_fake_B.jpg,complex
8957ca92d53ae0ea_fake_B.jpg,complex
90a62b2a75655ed5_fake_B.jpg,complex
d997624cc837f813_fake_B.jpg,complex
84cb3a362cced993_fake_B.jpg,complex
e8fc8fb49c141cca_fake_B.jpg,complex
d0702f857a1ae5ce_fake_B.jpg,complex
b5e8c0eed02d62b5_fake_B.jpg,complex
ab76c127ca4255ce_fake_B.jpg,complex
d748d269c7610d75_fake_B.jpg,complex
a162cb9728d966e9_fake_B.jpg,complex
f87fd7e0001772a8_fake_B.jpg,complex
98679b806fc8876e_fake_B.jpg,complex
c8d0dc9ada2339b3_fake_B.jpg,complex
ffa894e489960ad6_fake_B.jpg,complex
90ab34aa79735473_fake_B.jpg,complex
c2c21ebef0cdc531_fake_B.jpg,complex
c142172a7f9bd42b_fake_B.jpg,complex
92da59c624ad9f52_fake_B.jpg,complex
95e633360a0fe539_fake_B.jpg,complex
e2c2d2c6625bdb89_fake_B.jpg,complex
94a63e567b4b4589_fake_B.jpg,complex
bcbc9194bd02566b_fake_B.jpg,complex
e10ee56ed22a7e21_fake_B.jpg,complex
c99b5c46303633db_fake_B.jpg,complex
fcd5e4bec81ac818_fake_B.jpg,complex
f585c0836b7d3478_fake_B.jpg,complex
b6f25281cd5e8e4a_fake_B.jpg,complex
d28d297a75923396_fake_B.jpg,complex
c6c4c4961b3f13e3_fake_B.jpg,complex
ab8091d5e98bc8de_fake_B.jpg,complex
879d8c312be615ea_fake_B.jpg,complex
f99c193e0a0ce3e5_fake_B.jpg,complex
f9d18eb1ea2321ca_fake_B.jpg,complex
edad0da02cc7926b_fake_B.jpg,complex
f7dacac706874d04_fake_B.jpg,complex
98e945d96424bb75_fake_B.jpg,complex
b4b6de604d8d259a_fake_B.jpg,complex
d8a00ff3446b7d2a_fake_B.jpg,complex
85e36aee1a5c15b8_fake_B.jpg,complex
da1e1c1e47c686c7_fake_B.jpg,complex
b59f81a4e562a2a7_fake_B.jpg,complex
b0e182fffb213898_fake_B.jpg,complex
89423abdd8a3e2e5_fake_B.jpg,complex
e4ec94a99b95499a_fake_B.jpg,complex
b490d1cacafacdc2_fake_B.jpg,complex
e8b8b887711c664f_fake_B.jpg,complex
d0c6ca3f0500f5ef_fake_B.jpg,complex
bf7f00c2611faa8a_fake_B.jpg,complex
c5159e782951d27b_fake_B.jpg,complex
b497cbde944c1a62_fake_B.jpg,complex
b6b1c9db9a4c3ca0_fake_B.jpg,complex
d92248c86fdd30de_fake_B.jpg,complex
f0cad4d0aaaada1d_fake_B.jpg,complex
fd875a86246d383c_fake_B.jpg,complex
845e6e3b919ed660_fake_B.jpg,complex
88b3109b5fe0feb0_fake_B.jpg,complex
b4d6d8c04db607b5_fake_B.jpg,complex
fe958ad8094f684e_fake_B.jpg,complex
d88a80f08f7c7e6a_fake_B.jpg,complex
a30b7c9e90c79738_fake_B.jpg,complex
8b7b961c72428db3_fake_B.jpg,complex
b512dae909d6d4d4_fake_B.jpg,complex
e0e0be36d2d9e132_fake_B.jpg,complex
f9fdd115893ad810_fake_B.jpg,complex
99cbf69166724332_fake_B.jpg,complex
f3a1039f7858ad83_fake_B.jpg,complex
8e98e20ace1abaeb_fake_B.jpg,complex
dc24c9720d97359b_fake_B.jpg,complex
a9dfd099c7f007a0_fake_B.jpg,complex
f80a903adbe9c9c5_fake_B.jpg,complex
df8acf1e26342313_fake_B.jpg,complex
f8b8d97c1a1c12f1_fake_B.jpg,complex
e8ac9c90d8ef0d35_fake_B.jpg,complex
805763bc63dc5ec8_fake_B.jpg,complex
e004d1da9e915f9b_fake_B.jpg,complex
aa289720dae2edc7_fake_B.jpg,complex
dccac8c6939037ba_fake_B.jpg,complex
813b28597df0abd2_fake_B.jpg,complex
da16e2d596f10875_fake_B.jpg,complex
d51fe92f506a8bc0_fake_B.jpg,complex
e5d256ca5da1f105_fake_B.jpg,complex
89b4249951e1c7ef_fake_B.jpg,complex
c1363dd30cfad04d_fake_B.jpg,complex
a5ad82d6cf808ccf_fake_B.jpg,complex
efc04301fc7f14d2_fake_B.jpg,complex
a393d36b6534325a_fake_B.jpg,complex
d67a54887a2f6135_fake_B.jpg,complex
f8aac217cd38cb61_fake_B.jpg,complex
fff5d8c2801ec40e_fake_B.jpg,complex
c80b3df58cf0d127_fake_B.jpg,complex
e694c4f2258b333d_fake_B.jpg,complex
d5cf3f6c9089901b_fake_B.jpg,complex
b305939a7bc9472c_fake_B.jpg,complex
ec33006bf93e25cc_fake_B.jpg,complex
92a409c0d6fe7a6d_fake_B.jpg,complex
a611b48e1abc4b9f_fake_B.jpg,complex
fd49d0c0099e699f_fake_B.jpg,complex
a1e7dec49e4a909a_fake_B.jpg,complex
abe5e19c981cb8c9_fake_B.jpg,complex
e2255e7b71c31e06_fake_B.jpg,complex
c189963c7e61273e_fake_B.jpg,complex
9f81ea811f3d3278_fake_B.jpg,complex
b6cc96d24a4b0dad_fake_B.jpg,complex
fdbd57f00a81c21c_fake_B.jpg,complex
fc97c486a0f49ce2_fake_B.jpg,complex
fc17ca8dbdc83e00_fake_B.jpg,complex
ab9691964db06cf1_fake_B.jpg,complex
f9dcca616838a578_fake_B.jpg,complex
d5d756672218cba4_fake_B.jpg,complex
9837d2dad29bf009_fake_B.jpg,complex
b84497485ab577d2_fake_B.jpg,complex
a095afc5c70d52b5_fake_B.jpg,complex
a9aa5a16a5eb534c_fake_B.jpg,complex
ec9df9de548504a1_fake_B.jpg,complex
ab2130f71ffc030d_fake_B.jpg,complex
eac5cb3864b6d4c8_fake_B.jpg,complex
c4bf629ca7a8817a_fake_B.jpg,complex
d989873b2238fa65_fake_B.jpg,complex
ade188c6f27353c1_fake_B.jpg,complex
89e8b534da36722d_fake_B.jpg,complex
9a35774c2aa6207f_fake_B.jpg,complex
cf96d5356243d832_fake_B.jpg,complex
bd813ed613f0c929_fake_B.jpg,complex
f5c487a8e3aa42ba_fake_B.jpg,complex
a44896edcfaa50ad_fake_B.jpg,complex
c14d942b7ab97d82_fake_B.jpg,complex
f4270a944de9e7e0_fake_B.jpg,complex
96b4b5b5615d4962_fake_B.jpg,complex
cb9f246872b4d3b0_fake_B.jpg,complex
caa6e0c4c4cdd74e_fake_B.jpg,complex
fbeec286cc9a5411_fake_B.jpg,complex
92f03f9158ba3d13_fake_B.jpg,complex
fe91c4918e9a9e58_fake_B.jpg,complex
a0a5b23a8ec8cfa7_fake_B.jpg,complex
c1b4339d9d3943c3_fake_B.jpg,complex
eac0dd838916ce7c_fake_B.jpg,complex
a22dc553bfd2ac0a_fake_B.jpg,complex
f4f3828b0dfe20e2_fake_B.jpg,complex
b6efc0c185d8f198_fake_B.jpg,complex
b6a0941a8afdc9ad_fake_B.jpg,complex
a95795905ad5b04f_fake_B.jpg,complex
a54ad25dca34ed38_fake_B.jpg,complex
a8b2d2ff85034ee8_fake_B.jpg,complex
c5c0c58f8f5b4d29_fake_B.jpg,complex
f870e5e070e17ba1_fake_B.jpg,complex
c5f79caa2388b728_fake_B.jpg,complex
85b8ce6594955ad9_fake_B.jpg,complex
a49bd61d8de446c6_fake_B.jpg,complex
f90784e094a4fcf6_fake_B.jpg,complex
93baf11cc50daaaa_fake_B.jpg,complex
a1a815ddb5611e9b_fake_B.jpg,complex
df12622e774c8999_fake_B.jpg,complex
f8a68be5d9345251_fake_B.jpg,complex
96b60cbdacd5948a_fake_B.jpg,complex
a2d2c2ca5ad55ea5_fake_B.jpg,complex
819a123b5a157ff2_fake_B.jpg,complex
fae1c23f9d3c9030_fake_B.jpg,complex
f5a5c4f50f8a8478_fake_B.jpg,complex
c238eb9aab388f68_fake_B.jpg,complex
eeb185a3859636c6_fake_B.jpg,complex
aae6919583da4a79_fake_B.jpg,complex
df1026c0dc7f36c4_fake_B.jpg,complex
923386b28db31bce_fake_B.jpg,complex
8d7e68ad52278762_fake_B.jpg,complex
c33fc2b491ce718c_fake_B.jpg,complex
d4953d781b0a4ea7_fake_B.jpg,complex
c09dc29f8e7c9ec0_fake_B.jpg,complex
b3b956ab154823dc_fake_B.jpg,complex
97a83595219e3e53_fake_B.jpg,complex
d578edc09203cbc7_fake_B.jpg,complex
eb54e725c81f0d19_fake_B.jpg,complex
a4cb96a761f101be_fake_B.jpg,complex
f2b4d2d394da8598_fake_B.jpg,complex
ad6ad650c8a555b6_fake_B.jpg,complex
e0b6771e0beae901_fake_B.jpg,complex
addcd54d49656252_fake_B.jpg,complex
f84e938d9e1d50aa_fake_B.jpg,complex
bc40f9e595320dba_fake_B.jpg,complex
97603f943f0ac1dc_fake_B.jpg,complex
ae718679ce60ea92_fake_B.jpg,complex
84f81ac3c5ed6566_fake_B.jpg,complex
a28076f05d797971_fake_B.jpg,complex
efaa823acae36213_fake_B.jpg,complex
d3e3c1f018783e35_fake_B.jpg,complex
f6e2e50fc2b48a31_fake_B.jpg,complex
f5e297c20bca292e_fake_B.jpg,complex
833c97cd34eb4526_fake_B.jpg,complex
ec6cb0d884e8ad7c_fake_B.jpg,complex
a1a5d2a29ba355f8_fake_B.jpg,complex
c6bc9352f4466627_fake_B.jpg,complex
fefac0bde00cee00_fake_B.jpg,complex
abda775851b4b502_fake_B.jpg,complex
8df452e2e38c0b6e_fake_B.jpg,complex
d9acd2b5e86b3481_fake_B.jpg,complex
af34c2f44fd43c41_fake_B.jpg,complex
854d79c3a9a9c5ac_fake_B.jpg,complex
a42bd23b87d4a365_fake_B.jpg,complex
cb5a6d859c2b906e_fake_B.jpg,complex
8186c8fe2a1f3b39_fake_B.jpg,complex
c03e65db32f086cd_fake_B.jpg,complex
e70cc58572bcc35c_fake_B.jpg,complex
cadf5d8d60cb4a88_fake_B.jpg,complex
c8c2c691376d9c67_fake_B.jpg,complex
92b17234da98d6f2_fake_B.jpg,complex
ab6c85b5c894f45a_fake_B.jpg,complex
b4edcde0741f3510_fake_B.jpg,complex
8cc5870c7b3875ea_fake_B.jpg,complex
bcac96de604b6525_fake_B.jpg,complex
a381e182876f3dd6_fake_B.jpg,complex
aad2a596de95ca88_fake_B.jpg,complex
a5ea31d64934d8e9_fake_B.jpg,complex
9a0b2a6175d666ce_fake_B.jpg,complex
f003c1b7cb9a23f8_fake_B.jpg,complex
8f97989814fc62c7_fake_B.jpg,complex
a63992976b6a4927_fake_B.jpg,complex
c3379cca61998dcc_fake_B.jpg,complex
b4fad020add2427f_fake_B.jpg,complex
9293ca9a49e995e9_fake_B.jpg,complex
c8d49ee1f564068f_fake_B.jpg,complex
e09cc3d8e1da0bc7_fake_B.jpg,complex
8dad31a8e26bc56a_fake_B.jpg,complex
c5816bdaa2765cd1_fake_B.jpg,complex
9165dbe148936277_fake_B.jpg,complex
88d8c872ceb7a2b6_fake_B.jpg,complex
a3c07f627343c89d_fake_B.jpg,complex
dcb3ec83848bace8_fake_B.jpg,complex
ceddb371c6c01863_fake_B.jpg,complex
eaf2c2170e983ee4_fake_B.jpg,complex
d88858db920fe766_fake_B.jpg,complex
e58798b2d87305c7_fake_B.jpg,complex
b5868fe54242a757_fake_B.jpg,complex
f4e5f048f45d08f4_fake_B.jpg,complex
df32c54b91cc32e8_fake_B.jpg,complex
cde7cffa201b06c0_fake_B.jpg,complex
f0bd8c0303faf3a8_fake_B.jpg,complex
d20187f343afd20f_fake_B.jpg,complex
e1ba80d41fc55ec5_fake_B.jpg,complex
d7756a439e4dd048_fake_B.jpg,complex
d3cec18aa4df089d_fake_B.jpg,complex
d4babd82dc8ea08d_fake_B.jpg,complex
fb30c0f52e475256_fake_B.jpg,complex
faf5d5868a0ac9b0_fake_B.jpg,complex
b0a037d5d198937e_fake_B.jpg,complex
a553d00d8a2cd77d_fake_B.jpg,complex
d75acafcf82444a4_fake_B.jpg,complex
cf74e034f23303a7_fake_B.jpg,complex
cdca8f5b017325e4_fake_B.jpg,complex
fb77d0a14485ec49_fake_B.jpg,complex
d596646d58b2e4a5_fake_B.jpg,complex
b317ad93543d8178_fake_B.jpg,complex
94823adddd55ae60_fake_B.jpg,complex
f4e2ca9a1c553764_fake_B.jpg,complex
e6e84b33e58b02ec_fake_B.jpg,complex
ae94c05ac772f623_fake_B.jpg,complex
d49692d6cba56661_fake_B.jpg,complex
ffeef07b00c1f080_fake_B.jpg,complex
a23fa42b9e95d894_fake_B.jpg,complex
a538eb952dc93645_fake_B.jpg,complex
f4988e8d2d0c6bb3_fake_B.jpg,complex
83a65ed1d28e9d83_fake_B.jpg,complex
b673b0f7b0c0f580_fake_B.jpg,complex
95958f9e6348629e_fake_B.jpg,complex
a9a64a70926a5ff2_fake_B.jpg,complex
f641c51e6dbc82a5_fake_B.jpg,complex
c3c9843b930f169f_fake_B.jpg,complex
f9fc31c08b1d8639_fake_B.jpg,complex
c2a7cf1e7821b98a_fake_B.jpg,complex
fa3996a09fc2b90a_fake_B.jpg,complex
faf500951f6a00fb_fake_B.jpg,complex
d82f93d9a31905f8_fake_B.jpg,complex
a9f6211d3664c8eb_fake_B.jpg,complex
ca18dd7adc22cc8e_fake_B.jpg,complex
ffe055548c479495_fake_B.jpg,complex
bf125b87c16b843c_fake_B.jpg,complex
80af5fce149ca4f4_fake_B.jpg,complex
f4b525d4b067b44c_fake_B.jpg,complex
a1ca17519b6d9d45_fake_B.jpg,complex
b547912f8a1ab8ba_fake_B.jpg,complex
f191a11e57344f9a_fake_B.jpg,complex
ddb1da81d9c901d5_fake_B.jpg,complex
f2e1828587ab6ba9_fake_B.jpg,complex
fe1e86149fe1310d_fake_B.jpg,complex
9a71889a93779996_fake_B.jpg,complex
affa20851395bc6a_fake_B.jpg,complex
b558d09e8bbe9c05_fake_B.jpg,complex
d58ad09e28df7825_fake_B.jpg,complex
d2ff6f1dd010d01a_fake_B.jpg,complex
8eda9490a3f38ea9_fake_B.jpg,complex
faf561ca9ca8a445_fake_B.jpg,complex
a06bd0b5cd90eccd_fake_B.jpg,complex
9507976774e01d1d_fake_B.jpg,complex
f294f1c270e52ca7_fake_B.jpg,complex
e262d5e7de842a94_fake_B.jpg,complex
c0cd1f011f5e5a3e_fake_B.jpg,complex
a9bfd73e09b00cc1_fake_B.jpg,complex
d67cf43f202643e1_fake_B.jpg,complex
add6524ac9ad4a17_fake_B.jpg,complex
a587d4df780821f5_fake_B.jpg,complex
948bcdf456b47226_fake_B.jpg,complex
a59a83d78b9a68e8_fake_B.jpg,complex
aaf5d596828adac8_fake_B.jpg,complex
e1b0c1bc9fcf3105_fake_B.jpg,complex
962bd6978cda982a_fake_B.jpg,complex
e9e031e1e1cf6383_fake_B.jpg,complex
a38d13f853d0f8f0_fake_B.jpg,complex
e950cb2c1d5553f1_fake_B.jpg,complex
adb4169a5aad5b18_fake_B.jpg,complex
a65ed56dbc9414a8_fake_B.jpg,complex
f795c38ada87450a_fake_B.jpg,complex
ae7e82e8d2415dca_fake_B.jpg,complex
cb8660f0e5958fa6_fake_B.jpg,complex
803bcb65f486e39a_fake_B.jpg,complex
bd1fd3688d043197_fake_B.jpg,complex
c49cc9c3d3051f73_fake_B.jpg,complex
af618540992d71df_fake_B.jpg,complex
e46ac6563d5a30e5_fake_B.jpg,complex
d4c6e8c2880bcf7d_fake_B.jpg,complex
e00b4d7c32ed519b_fake_B.jpg,complex
aa93974bea296195_fake_B.jpg,complex
efc0c0cbc18d8f0f_fake_B.jpg,complex
f5f2d0eec9d40426_fake_B.jpg,complex
f4b7f09f01a9348c_fake_B.jpg,complex
dae05c4f030dbd87_fake_B.jpg,complex
de7e6c829ea18217_fake_B.jpg,complex
a24a45c1f4fb453b_fake_B.jpg,complex
a63fc2cbc8e95624_fake_B.jpg,complex
84f2e6485b0f5b5a_fake_B.jpg,complex
d5038b5576c583f4_fake_B.jpg,complex
c727708e652516ed_fake_B.jpg,complex
cd8d3235726223f5_fake_B.jpg,complex
fe1946598f8a36c4_fake_B.jpg,complex
a5e2cad6dd88928d_fake_B.jpg,complex
cdfd5c912881eaca_fake_B.jpg,complex
d06f909f6eb63224_fake_B.jpg,complex
fca58b8f564f4302_fake_B.jpg,complex
fec0e824836a9fc5_fake_B.jpg,complex
f56ad0b4ab965a82_fake_B.jpg,complex
d46dd6eca9709483_fake_B.jpg,complex
86aa7d75862569b4_fake_B.jpg,complex
ac2ec4ea4fc73c14_fake_B.jpg,complex
f490d8eb45a7f150_fake_B.jpg,complex
e5a1822ffe52f0a1_fake_B.jpg,complex
8bc77432bb1c5670_fake_B.jpg,complex
b094d68adf955d50_fake_B.jpg,complex
b6e7d041cae641d6_fake_B.jpg,complex
87e5be5080617f6a_fake_B.jpg,complex
b429d9d86ddc6650_fake_B.jpg,complex
ebb09732ca43a9d4_fake_B.jpg,complex
818bba9d38f8bc54_fake_B.jpg,complex
a0f2c35f0ed43cca_fake_B.jpg,complex
fef744c0874ba80d_fake_B.jpg,complex
96a6d2e993318b47_fake_B.jpg,complex
d007233d89f3eaf0_fake_B.jpg,complex
b1c0dc26ed7f8185_fake_B.jpg,complex
c225cf8aba4eb952_fake_B.jpg,complex
89becd60a683a29f_fake_B.jpg,complex
818a15d52bb75f0e_fake_B.jpg,complex
b045d7fd9254d0b2_fake_B.jpg,complex
d70c337c1146fd83_fake_B.jpg,complex
b8260b177cd93789_fake_B.jpg,complex
f753e295b894099c_fake_B.jpg,complex
e08387c44f6f28f6_fake_B.jpg,complex
e14f90e19d7e9825_fake_B.jpg,complex
f45bc9b4892e7164_fake_B.jpg,complex
a285db5a787531d2_fake_B.jpg,complex
d53b5a1c21ce4576_fake_B.jpg,complex
81c6cfc6c8dc9ad8_fake_B.jpg,complex
f43cc332c3b2cb1a_fake_B.jpg,complex
e4aa95d3971b1a1a_fake_B.jpg,complex
af51953988bda91a_fake_B.jpg,complex
b301d22c55d26adf_fake_B.jpg,complex
8fcf3c246472e272_fake_B.jpg,complex
edbce0d41d602b2b_fake_B.jpg,complex
84bd249a33788fa7_fake_B.jpg,complex
f59dc1d8ced240a5_fake_B.jpg,complex
b99416e07cf1ed88_fake_B.jpg,complex
d2d8c6ac463c267b_fake_B.jpg,complex
80f816d6cecb8b87_fake_B.jpg,complex
f896d095d58b8f09_fake_B.jpg,complex
a72ce33a86f60be0_fake_B.jpg,complex
cdb4bb34924c23e9_fake_B.jpg,complex
f8e889289aa579d5_fake_B.jpg,complex
bd6f80f50f832543_fake_B.jpg,complex
b490da8ddc8dc4ce_fake_B.jpg,complex
b478d98c6272398f_fake_B.jpg,complex
9101f94f60dbf8c5_fake_B.jpg,complex
e3918e811cba3d3d_fake_B.jpg,complex
b71e6797c12486d4_fake_B.jpg,complex
d0b4c1d21f3d2d8d_fake_B.jpg,complex
82aeb5e4582fb2aa_fake_B.jpg,complex
a4d6ce888f4b0b7a_fake_B.jpg,complex
c6c3c7c11c8eb734_fake_B.jpg,complex
8def3f60308ab41b_fake_B.jpg,complex
f1a9d0c13da4af61_fake_B.jpg,complex
e08b9ff883cb0d62_fake_B.jpg,complex
d01e6dc3613a9b71_fake_B.jpg,complex
a1b83b5d8cc2fa29_fake_B.jpg,complex
a116db12c9e41dee_fake_B.jpg,complex
aec7c6a28eb7a812_fake_B.jpg,complex
e9f6c20d32358b74_fake_B.jpg,complex
8e3dbccdfe08c850_fake_B.jpg,complex
c13e15aaaad3748b_fake_B.jpg,complex
8a966626bbb96c94_fake_B.jpg,complex
edb3c41a16d83363_fake_B.jpg,complex
e8d19ce5723dd481_fake_B.jpg,complex
cdd683218d52cb5e_fake_B.jpg,complex
e03e509dee205f95_fake_B.jpg,complex
a92ad0f581f221df_fake_B.jpg,complex
b9a211a8dbff0b48_fake_B.jpg,complex
f5e4c2f7849a8c91_fake_B.jpg,complex
ce469d3c40997ccb_fake_B.jpg,complex
dbba615b96d032c8_fake_B.jpg,complex
c94a3af6bea68b80_fake_B.jpg,complex
84891f984b87b7f8_fake_B.jpg,complex
ab05b4e7d02a92fc_fake_B.jpg,complex
f587045ead6a15f0_fake_B.jpg,complex
a078976b5f86f1c0_fake_B.jpg,complex
b7f4829bb39a0aa1_fake_B.jpg,complex
d091fe959ad001fd_fake_B.jpg,complex
e5788768aec72a83_fake_B.jpg,complex
d0abd5950ee8545e_fake_B.jpg,complex
cec454261d87fe70_fake_B.jpg,complex
a483da9e316f7807_fake_B.jpg,complex
dab12d89c67dc151_fake_B.jpg,complex
8ca62f58f5868adc_fake_B.jpg,complex
f9f0c188506dba57_fake_B.jpg,complex
f1dbaf25507a2541_fake_B.jpg,complex
aa1bf01791ab8f83_fake_B.jpg,complex
ddef7398c420e198_fake_B.jpg,complex
e0e0c48286afe7ed_fake_B.jpg,complex
d22c694f76c6d618_fake_B.jpg,complex
c8f8d4b87ad02747_fake_B.jpg,complex
efa918ce08bcc3b8_fake_B.jpg,complex
87987eded470206b_fake_B.jpg,complex
f4e38c8d28cf112f_fake_B.jpg,complex
d0599b7cbeb66090_fake_B.jpg,complex
d5fd2180c1c1fda3_fake_B.jpg,complex
e9914a729f5cb0a6_fake_B.jpg,complex
e11012fbe9e561e5_fake_B.jpg,complex
a0c5d8d758ca3fb0_fake_B.jpg,complex
c377302f39c6615c_fake_B.jpg,complex
d89fc424df921a56_fake_B.jpg,complex
e8ce81e89cb1f03b_fake_B.jpg,complex
b0b51a9dbbc28e92_fake_B.jpg,complex
b8bd80f8b1c9e07c_fake_B.jpg,complex
8f90e6bbd782c911_fake_B.jpg,complex
8d5ecfd6c4acc281_fake_B.jpg,complex
ccc76c0c809cfa9f_fake_B.jpg,complex
f494deeb68c56150_fake_B.jpg,complex
a1da5dd4cae03caa_fake_B.jpg,complex
daf3308ba32d6b22_fake_B.jpg,complex
e2963ef0826a495f_fake_B.jpg,complex
b0e6cfe4e649e444_fake_B.jpg,complex
aaf48580d4e3fac5_fake_B.jpg,complex
c0e1616f4d439b9b_fake_B.jpg,complex
c4b19c39f83835cd_fake_B.jpg,complex
e8ddc0dead212665_fake_B.jpg,complex
bc13a56b5ad648e2_fake_B.jpg,complex
fed8c4e5c441bf10_fake_B.jpg,complex
aa23d56a9cb950d3_fake_B.jpg,complex
a91ec1bc0b783f43_fake_B.jpg,complex
b44990446afe1fa7_fake_B.jpg,complex
b4e481f70dbd3225_fake_B.jpg,complex
fd2ac0e0cce5d8c6_fake_B.jpg,complex
b0ffc7f26d500328_fake_B.jpg,complex
f1e9023edef80171_fake_B.jpg,complex
fef6958638aa8056_fake_B.jpg,complex
fe2ffe43e003c10a_fake_B.jpg,complex
fd20cd3b4d592aa8_fake_B.jpg,complex
c4e06c6d0be393b6_fake_B.jpg,complex
ba919478dc6ccc66_fake_B.jpg,complex
e39514961c59cccf_fake_B.jpg,complex
fdd2884449ad7969_fake_B.jpg,complex
816b93c24a07f6de_fake_B.jpg,complex
d5c83e9692ce0e1e_fake_B.jpg,complex
dde71c02645ed2b2_fake_B.jpg,complex
aecca8689b6287d6_fake_B.jpg,complex
e88fc05453f9a8ea_fake_B.jpg,complex
a13293b2db4b6959_fake_B.jpg,complex
c9aac762267331d9_fake_B.jpg,complex
a58fcff8101661e3_fake_B.jpg,complex
c095bf389b6bd842_fake_B.jpg,complex
bc4660e7604eaabd_fake_B.jpg,complex
acb1c08a5f8f0f5c_fake_B.jpg,complex
dbd2388b673c44e4_fake_B.jpg,complex
c23b2b96e9633790_fake_B.jpg,complex
81c6cacef9340f35_fake_B.jpg,complex
fa92d2da9a24345e_fake_B.jpg,complex
9156d2abcd95518d_fake_B.jpg,complex
e112d5f2c561169f_fake_B.jpg,complex
bdfb41d1f9a28070_fake_B.jpg,complex
f1f4c23283b524f9_fake_B.jpg,complex
abe1cabfc6190e18_fake_B.jpg,complex
985192f2f89e0dad_fake_B.jpg,complex
e02f87d268b402ff_fake_B.jpg,complex
de81c03d2f09e6ce_fake_B.jpg,complex
8ed56dd8b2c1c15a_fake_B.jpg,complex
a53bc2b0c3db35c8_fake_B.jpg,complex
81f93115d0deb6a3_fake_B.jpg,complex
c3d373e2e6063e44_fake_B.jpg,complex
be8a466c0cdd19f1_fake_B.jpg,complex
ac23deb544d0b3cc_fake_B.jpg,complex
b5b492facd413545_fake_B.jpg,complex
c77f8bc04a93b225_fake_B.jpg,complex
a10780475f5e78de_fake_B.jpg,complex
a6b1944391edd66a_fake_B.jpg,complex
b568e90d80176e9f_fake_B.jpg,complex
f1f010d7d6048dfc_fake_B.jpg,complex
d54f7030c8e56fb0_fake_B.jpg,complex
d0bc607d2d72f341_fake_B.jpg,complex
cd2b3ceaf41c6a14_fake_B.jpg,complex
ada4ea8875751a36_fake_B.jpg,complex
8ed6fe1f030281d7_fake_B.jpg,complex
c53f60b9b8609f8c_fake_B.jpg,complex
bb2ad8e69a846699_fake_B.jpg,complex
ac30968e6fb4d8e1_fake_B.jpg,complex
bf57c0de8abc4064_fake_B.jpg,complex
808778b03ee7e92b_fake_B.jpg,complex
aa896f86f43a38b1_fake_B.jpg,complex
fbcb0ad829aeae80_fake_B.jpg,complex
f4adc7952c286969_fake_B.jpg,complex
a316931e4bb52dc9_fake_B.jpg,complex
d8dd67270f2446d2_fake_B.jpg,complex
a0e98ad2b21ed65b_fake_B.jpg,complex
f8e3c10ece889ec9_fake_B.jpg,complex
de943796e093036d_fake_B.jpg,complex
d53dc8c108cdeb4d_fake_B.jpg,complex
fece008cf060f5e3_fake_B.jpg,complex
d4c8bec5608d24df_fake_B.jpg,complex
b460d0facd1e2d1b_fake_B.jpg,complex
ee07d048ff181ab9_fake_B.jpg,complex
aaddd529b2a8a2b4_fake_B.jpg,complex
c6be6222e3f183e2_fake_B.jpg,complex
9ce01ba1856fc6ad_fake_B.jpg,complex
d8cbffe96f002031_fake_B.jpg,complex
b396a1da495a92ad_fake_B.jpg,complex
faaeda0e88d888da_fake_B.jpg,complex
f460d0289fce768e_fake_B.jpg,complex
a8d6c8e86c76f4a8_fake_B.jpg,complex
e9818f3e68409fdc_fake_B.jpg,complex
b435cafa2cca712c_fake_B.jpg,complex
949f67652a8a4a7a_fake_B.jpg,complex
c1c2b5d2491f66dc_fake_B.jpg,complex
d50a257aa55d875a_fake_B.jpg,complex
bdcfd08045d6aab4_fake_B.jpg,complex
94e4d8968d9bb499_fake_B.jpg,complex
cb00748730bfcdbc_fake_B.jpg,complex
a04fdb703f81cc78_fake_B.jpg,complex
f9a0c11f9e4839e3_fake_B.jpg,complex
fea5502a8925cb7c_fake_B.jpg,complex
850f988179efaf03_fake_B.jpg,complex
ecc29fb5460a1e8d_fake_B.jpg,complex
e12ac2685d3d6357_fake_B.jpg,complex
da33c2d60e6e6564_fake_B.jpg,complex
da2a0b820bcf759d_fake_B.jpg,complex
fd4dc9ccc20427ea_fake_B.jpg,complex
e8927b946127169f_fake_B.jpg,complex
f6eee0d09873c630_fake_B.jpg,complex
fe708516c8dc8adc_fake_B.jpg,complex
949ccfb0b2f3540b_fake_B.jpg,complex
b1f8c1b12cea7256_fake_B.jpg,complex
909bc0ac0edbfd1c_fake_B.jpg,complex
a54c8292ee99d6f8_fake_B.jpg,complex
b050c98b2d9f34fa_fake_B.jpg,complex
9396a9c0ed4d256e_fake_B.jpg,complex
d5ed8c96ad9a6940_fake_B.jpg,complex
8096787430575fcf_fake_B.jpg,complex
f9a2835a3ae36266_fake_B.jpg,complex
f57062ca4abd9474_fake_B.jpg,complex
f42b60dfa3765460_fake_B.jpg,complex
cf1af58187174157_fake_B.jpg,complex
ec5cc24ed65d44a5_fake_B.jpg,complex
9e4a89cf5a4945b3_fake_B.jpg,complex
ff299470906095f7_fake_B.jpg,complex
ad6eda34fca230c1_fake_B.jpg,complex
c19d1ab0d0e1797e_fake_B.jpg,complex
a8c5950f5a2e68af_fake_B.jpg,complex
ae9558e22c5a9b3c_fake_B.jpg,complex
f8f4c3f00783ec8a_fake_B.jpg,complex
de70b26b036949a7_fake_B.jpg,complex
c0ae0b4b3e9cf073_fake_B.jpg,complex
97d96fd68296801e_fake_B.jpg,complex
ff12c2c20aa43fb6_fake_B.jpg,complex
84b0d76a22257b6f_fake_B.jpg,complex
e009d6350e67dd63_fake_B.jpg,complex
fcf4081e9ca09d73_fake_B.jpg,complex
f76cc04be5a4a592_fake_B.jpg,complex
e197dc606d6ae843_fake_B.jpg,complex
a58f5a12c51ff1c1_fake_B.jpg,complex
d217da1dcd2a8d94_fake_B.jpg,complex
aebc3da2c49c96c1_fake_B.jpg,complex
fe2cc0598dfc6443_fake_B.jpg,complex
eb3ce0f040f20bde_fake_B.jpg,complex
bab249536d5183b3_fake_B.jpg,complex
8694620b1eef1f74_fake_B.jpg,complex
8722c2d61db5eea8_fake_B.jpg,complex
e3a027abe04b1f4e_fake_B.jpg,complex
abbbe05b1028dcdc_fake_B.jpg,complex
efbcc09086859ebc_fake_B.jpg,complex
b1dfa38b1e0a29e8_fake_B.jpg,complex
f5d0d289db0a0ff0_fake_B.jpg,complex
9fd8a0ed6cc0b352_fake_B.jpg,complex
ae47ca100dad66cf_fake_B.jpg,complex
95a15a575b4ba8a9_fake_B.jpg,complex
8faa21bead40b563_fake_B.jpg,complex
f4fec581ccc0e8c3_fake_B.jpg,complex
f95e2fe11800c33f_fake_B.jpg,complex
a7da82951078773b_fake_B.jpg,complex
c9d232342de1eacd_fake_B.jpg,complex
94b393b3b1e8a4ac_fake_B.jpg,complex
bd3b49e02cd16ad8_fake_B.jpg,complex
fe2d80e3bbd481c2_fake_B.jpg,complex
aa15cb3a69cf1ac4_fake_B.jpg,complex
aba0dd62dc26dd22_fake_B.jpg,complex
d5e045da6525b3b1_fake_B.jpg,complex
e8b94a9add9988aa_fake_B.jpg,complex
899ebda59584bc98_fake_B.jpg,complex
bfc5834eb185a3a8_fake_B.jpg,complex
9ef22a56e70c8ad2_fake_B.jpg,complex
ffabc1a0188f3531_fake_B.jpg,complex
e0cf416d8ff23a81_fake_B.jpg,complex
85e0c988c4e787fe_fake_B.jpg,complex
85c1b6cba4385eb9_fake_B.jpg,complex
ff39c0c825c4e4b6_fake_B.jpg,complex
812a9ac1796bf5c3_fake_B.jpg,complex
b2f1899f43c9c92a_fake_B.jpg,complex
dd4e6b947a61d061_fake_B.jpg,complex
a3c6b83c3d6941a7_fake_B.jpg,complex
c4a76c737e262f40_fake_B.jpg,complex
b5bfdcda1d182150_fake_B.jpg,complex
b0a180da5f6e7a65_fake_B.jpg,complex
f5d26591843f5456_fake_B.jpg,complex
854b9969503d1f1f_fake_B.jpg,complex
9af86d9953645836_fake_B.jpg,complex
f15ec835feea08a0_fake_B.jpg,complex
99a9ed6694933354_fake_B.jpg,complex
b44b485ecc4e6a6d_fake_B.jpg,complex
ce2bb63170c835dc_fake_B.jpg,complex
9a6792be9da2b414_fake_B.jpg,complex
f2b5c0dc989f2187_fake_B.jpg,complex
ffd3430f2fcd4080_fake_B.jpg,complex
f0fccab82aa97d02_fake_B.jpg,complex
b8afa0aa8e671a17_fake_B.jpg,complex
a5d2d4b6aa2a8f25_fake_B.jpg,complex
aaac95caca4b8d2d_fake_B.jpg,complex
f4c2841ff83143bb_fake_B.jpg,complex
c1a73f9e682bca60_fake_B.jpg,complex
80a5a17f5e48697d_fake_B.jpg,complex
833857d06e6991f6_fake_B.jpg,complex
ad32d2d3c98da94a_fake_B.jpg,complex
f0b41a4b0d9cc75b_fake_B.jpg,complex
d2d1f9d18a8989cd_fake_B.jpg,complex
f5e386963e313161_fake_B.jpg,complex
fc09fcc0cfe005e6_fake_B.jpg,complex
c2937c2e02d0ebcf_fake_B.jpg,complex
a49b201e8b3e4b3f_fake_B.jpg,complex
8d87c5f4c0de9899_fake_B.jpg,complex
ff09aa3b68905770_fake_B.jpg,complex
90c790666f674f58_fake_B.jpg,complex
ba29d0fb91d0358d_fake_B.jpg,complex
e584489a6cbab26f_fake_B.jpg,complex
a18cc2ca6d3764f3_fake_B.jpg,complex
bfce941c1f121b43_fake_B.jpg,complex
aaff3ba4f8924092_fake_B.jpg,complex
a53493721fa33cd2_fake_B.jpg,complex
cf8f088d954c46de_fake_B.jpg,complex
8bac287ea7715dc0_fake_B.jpg,complex
ccd33ad8e5818a4f_fake_B.jpg,complex
c39ae21ae1dde5c0_fake_B.jpg,complex
ebd5c207ed0d5131_fake_B.jpg,complex
f53ab5c30d0b412f_fake_B.jpg,complex
ad9cda9cc8ad8a26_fake_B.jpg,complex
c537c2cd2d92b549_fake_B.jpg,complex
94d8babc5a2d4a27_fake_B.jpg,complex
bda802d96a659537_fake_B.jpg,complex
a5827207e78e78e3_fake_B.jpg,complex
f0fd90185af1aaa9_fake_B.jpg,complex
c5b03a4f4e813dcd_fake_B.jpg,complex
9c527f2a43e07a9c_fake_B.jpg,complex
d5d0a9b8c8fbb809_fake_B.jpg,complex
e8d5975c822aae2d_fake_B.jpg,complex
aa9760cdb8f43e09_fake_B.jpg,complex
c1f69fcdc460934c_fake_B.jpg,complex
8355b86a956bd16a_fake_B.jpg,complex
ff88c51c70b0e2d6_fake_B.jpg,complex
a040ab7279d5aa9f_fake_B.jpg,complex
bf6c92c606caa72a_fake_B.jpg,complex
91c98dab997929d4_fake_B.jpg,complex
a95659962eb49a47_fake_B.jpg,complex
833192de6e1f2587_fake_B.jpg,complex
d3c16b8994362a7e_fake_B.jpg,complex
9180397423f19fb7_fake_B.jpg,complex
a08d9a65e92f58ab_fake_B.jpg,complex
d619c2f89dc710dc_fake_B.jpg,complex
aee1e4a5d6847354_fake_B.jpg,complex
c8d60c2f5ca95c7a_fake_B.jpg,complex
b9909e99fd34210f_fake_B.jpg,complex
fff8e3b8c1d88300_fake_B.jpg,complex
b1acd7924794a5a9_fake_B.jpg,complex
a54a06edce46c33e_fake_B.jpg,complex
d5f4ca0a199a399d_fake_B.jpg,complex
a4bb97b2cdd00b49_fake_B.jpg,complex
d22ce0979e948dd9_fake_B.jpg,complex
fe97901a98a9ccd4_fake_B.jpg,complex
bca5e0c1c751d4c7_fake_B.jpg,complex
f707c71ec07041f3_fake_B.jpg,complex
a08795b81fd0be93_fake_B.jpg,complex
916b0f9160bfc3f0_fake_B.jpg,complex
e8431c3bb37b8711_fake_B.jpg,complex
d9ca4dc27645ce15_fake_B.jpg,complex
a9b69b89d945e432_fake_B.jpg,complex
eeec941f18c07c78_fake_B.jpg,complex
f6dfcbc115ad2808_fake_B.jpg,complex
f2e2c598b64819fa_fake_B.jpg,complex
8f850aea4adfda82_fake_B.jpg,complex
90e5d28ae58b8dc7_fake_B.jpg,complex
b7c07f098cf74650_fake_B.jpg,complex
94e1675b7b308e1c_fake_B.jpg,complex
90da32919d3679f4_fake_B.jpg,complex
bea094d55bce2994_fake_B.jpg,complex
eda13afa80cb6e03_fake_B.jpg,complex
aa683608d268ff3b_fake_B.jpg,complex
b6eec297809a6369_fake_B.jpg,complex
e087d4cf03bc3b2a_fake_B.jpg,complex
cae22aeaf5e5d044_fake_B.jpg,complex
a45a379ec209de69_fake_B.jpg,complex
93fa2fc76498b111_fake_B.jpg,complex
e5ab8a338d81705f_fake_B.jpg,complex
f04b0394ff5f414a_fake_B.jpg,complex
c0df0336b4707e65_fake_B.jpg,complex
bd7bd4c0b68d0a64_fake_B.jpg,complex
d0af8a1bd4b5c8cc_fake_B.jpg,complex
ad7edea01843544f_fake_B.jpg,complex
add389d4f99089b4_fake_B.jpg,complex
c3a9349f134c8fc9_fake_B.jpg,complex
8d3d8239cdcd08f5_fake_B.jpg,complex
fc37c03f82e90f30_fake_B.jpg,complex
f88c4f6c9a98836e_fake_B.jpg,complex
f9d1d38ec42a5e28_fake_B.jpg,complex
aea59490af4b645d_fake_B.jpg,complex
8ddd5ec1c0de38c4_fake_B.jpg,complex
bc4add3c48295375_fake_B.jpg,complex
f0bd9f01383ee348_fake_B.jpg,complex
fcabce515e21ba40_fake_B.jpg,complex
88e178d578d931d5_fake_B.jpg,complex
e4a55870fc9f1394_fake_B.jpg,complex
a758ea6f48a719a2_fake_B.jpg,complex
c17d6f3e481254ba_fake_B.jpg,complex
f1ecd2ef00f316c0_fake_B.jpg,complex
c4870fc068dfc0fb_fake_B.jpg,complex
a80a946bd2e5d8d7_fake_B.jpg,complex
a8e595caca6d9c54_fake_B.jpg,complex
a16554f4d59bb08b_fake_B.jpg,complex
8783d06a2f3c8d76_fake_B.jpg,complex
9a4b9bf1544567c4_fake_B.jpg,complex
b4b7c0c90b9d1a9e_fake_B.jpg,complex
dcec0116e5d2c47d_fake_B.jpg,complex
92e4c4964f8f370d_fake_B.jpg,complex
dae4e171341e3559_fake_B.jpg,complex
db529ed10936632b_fake_B.jpg,complex
ceb331cca3334475_fake_B.jpg,complex
bed5b1091f2748f0_fake_B.jpg,complex
faca978fda90d011_fake_B.jpg,complex
c2d6cdfc71c1091e_fake_B.jpg,complex
f4a5e018fe318ec3_fake_B.jpg,complex
d3f72f4a34647812_fake_B.jpg,complex
b43fc89226cc1bf2_fake_B.jpg,complex
f72fdb1099e20a43_fake_B.jpg,complex
cbc2bc3b90c9c693_fake_B.jpg,complex
a1a7d297584c2d3d_fake_B.jpg,complex
d2149a9ee9592eb1_fake_B.jpg,complex
afa1d78b438344e6_fake_B.jpg,complex
b8572f41970fe0f0_fake_B.jpg,complex
fad42206afc8875b_fake_B.jpg,complex
f6b1f2d2823a193c_fake_B.jpg,complex
aa94964aaa4df52d_fake_B.jpg,complex
a99fd5a64e6e2860_fake_B.jpg,complex
b6af86108dda964b_fake_B.jpg,complex
9f9fc8097da181d2_fake_B.jpg,complex
f4d4e9d1a1a0b536_fake_B.jpg,complex
c0f8f0ea6ec72cc2_fake_B.jpg,complex
958fc90f2c3d3e60_fake_B.jpg,complex
f0f68b67588b3443_fake_B.jpg,complex
a1e5db16cc5be0d0_fake_B.jpg,complex
f50ec2de4d85255a_fake_B.jpg,complex
c8c34ca626977772_fake_B.jpg,complex
e499777833c11366_fake_B.jpg,complex
e5334ac3595a3699_fake_B.jpg,complex
f10f91f50aabe14a_fake_B.jpg,complex
b4694b526dad249d_fake_B.jpg,complex
946289b6eafc2e32_fake_B.jpg,complex
dd5f559b8aa06170_fake_B.jpg,complex
eaa9138b03edc336_fake_B.jpg,complex
f11a43b01bf4326f_fake_B.jpg,complex
d7b0e0e75a90274e_fake_B.jpg,complex
a9b594c2cf4d8f0c_fake_B.jpg,complex
8f456733d83cc836_fake_B.jpg,complex
ad69d5918dd20baa_fake_B.jpg,complex
bc2b43991ba614f6_fake_B.jpg,complex
aa9e90cec8b5ada1_fake_B.jpg,complex
a0ae9cad94c4f47a_fake_B.jpg,complex
bdb7a801c826d9ae_fake_B.jpg,complex
a1e08b96dcca1d6b_fake_B.jpg,complex
96dbc812c2eab36c_fake_B.jpg,complex
a57dd3ca79588a24_fake_B.jpg,complex
f4919419c76532f6_fake_B.jpg,complex
e33ddc69427eaa08_fake_B.jpg,complex
f80717e3b1551372_fake_B.jpg,complex
b2e0c3829edb6f09_fake_B.jpg,complex
ff282b2a033dace8_fake_B.jpg,complex
c28b3f2520f79f03_fake_B.jpg,complex
a8f1c1e35b525f12_fake_B.jpg,complex
fd6ac0a1c9a2c59b_fake_B.jpg,complex
b48ad0d5e9a8dad2_fake_B.jpg,complex
836c9a5fe41de431_fake_B.jpg,complex
ebe5d59c58d0ba80_fake_B.jpg,complex
c2ea42b4da3fe164_fake_B.jpg,complex
ad26c2dc629b85d6_fake_B.jpg,complex
b7975b93c04c03ad_fake_B.jpg,complex
8e79802b3fb770c8_fake_B.jpg,complex
cb2492d47987f51a_fake_B.jpg,complex
da9397964e702535_fake_B.jpg,complex
f871952bdc2da854_fake_B.jpg,complex
a7e917976a12233c_fake_B.jpg,complex
d4be768b702d6544_fake_B.jpg,complex
daca2d309662bb99_fake_B.jpg,complex
b0bcc12cc73bb730_fake_B.jpg,complex
90f28407fd9ebcd0_fake_B.jpg,complex
c01fd2389fa0d9ea_fake_B.jpg,complex
d0a279dbd43d6213_fake_B.jpg,complex
c1b595d7f0626788_fake_B.jpg,complex
82fc37c398513727_fake_B.jpg,complex
d8a590c2d747ad47_fake_B.jpg,complex
c66c0f0ddc7f3141_fake_B.jpg,complex
fc1cc8e84e8eb49c_fake_B.jpg,complex
bb1e4d683c97a44a_fake_B.jpg,complex
b534d2306dd336cc_fake_B.jpg,complex
d980bacf3003f3f8_fake_B.jpg,complex
aab0b5a7d484d2d6_fake_B.jpg,complex
c2531ed92c9b9d64_fake_B.jpg,complex
ee44201c3d3fd6f0_fake_B.jpg,complex
ad5bcac021ff6838_fake_B.jpg,complex
c4507b2a790f959d_fake_B.jpg,complex
f94d47700ce3a0cf_fake_B.jpg,complex
812e5f86f61ec31c_fake_B.jpg,complex
fdbac3c3864aba80_fake_B.jpg,complex
e56525b949c9d2b4_fake_B.jpg,complex
b0dfcd898ac115f8_fake_B.jpg,complex
fb42d2a082877f96_fake_B.jpg,complex
f4e3c45a175cc9a4_fake_B.jpg,complex
e8efc087859d9c91_fake_B.jpg,complex
88b1b88f56aa565b_fake_B.jpg,complex
c7b2d28ac9667456_fake_B.jpg,complex
d2427dac331d695c_fake_B.jpg,complex
ddc46be69706d228_fake_B.jpg,complex
83e163c3c17a1f39_fake_B.jpg,complex
d0a175ca8f4f18ad_fake_B.jpg,complex
faebdc1a0ae9b880_fake_B.jpg,complex
fe1c87a12f077198_fake_B.jpg,complex
e9f0c75e8863268d_fake_B.jpg,complex
a17e809da90db6b3_fake_B.jpg,complex
f2eab09887e4c6e4_fake_B.jpg,complex
c5a2da4d9b2d51a5_fake_B.jpg,complex
bffdf2824803d245_fake_B.jpg,complex
b78bc64dca03316e_fake_B.jpg,complex
f50c827f954fa81a_fake_B.jpg,complex
98a3667e4a19b476_fake_B.jpg,complex
b560d2de9f29609a_fake_B.jpg,complex
e19ecb5e89f41851_fake_B.jpg,complex
f83683530517a5d7_fake_B.jpg,complex
bdf7f8d8e882808c_fake_B.jpg,complex
c7d5199a657b900b_fake_B.jpg,complex
aba5558a34f19a66_fake_B.jpg,complex
dbb719dab03808d3_fake_B.jpg,complex
94f285856b8c7b2b_fake_B.jpg,complex
fe9581fb0a4a10af_fake_B.jpg,complex
bd92c0694632d73b_fake_B.jpg,complex
aab6d606c32f013f_fake_B.jpg,complex
e305d654ade3e41a_fake_B.jpg,complex
bdd2968abe157128_fake_B.jpg,complex
c63f4035e51f7027_fake_B.jpg,complex
9b39c824c7e531cb_fake_B.jpg,complex
b4e0ca59d6d46b46_fake_B.jpg,complex
a183eb9448ef416f_fake_B.jpg,complex
ecbfd2c0c8950f91_fake_B.jpg,complex
ef2580343f9a36ca_fake_B.jpg,complex
d4b535926ae9682b_fake_B.jpg,complex
f0c5c7ce1386f131_fake_B.jpg,complex
e5e4319dc82d06d7_fake_B.jpg,complex
e9a3c056cb6bc354_fake_B.jpg,complex
ea1f8a6aa6c295c9_fake_B.jpg,complex
ba6ab2d045d235f4_fake_B.jpg,complex
95ead0c1864ee796_fake_B.jpg,complex
af8195907bb54aa3_fake_B.jpg,complex
dbce307920ca678d_fake_B.jpg,complex
a0cc831f1f3027fb_fake_B.jpg,complex
ece8c33c8e107575_fake_B.jpg,complex
bad5d0668533077a_fake_B.jpg,complex
f13f0703df5a81a1_fake_B.jpg,complex
9429cad705ce38e7_fake_B.jpg,complex
91ab6ae12db59156_fake_B.jpg,complex
b6bdd2910dd910e5_fake_B.jpg,complex
dc8c8cb81fe20377_fake_B.jpg,complex
fe9e82c25e4624b6_fake_B.jpg,complex
bee0ed92af0b1611_fake_B.jpg,complex
b673878761c33962_fake_B.jpg,complex
fe7a17c56884c662_fake_B.jpg,complex
bbac03126dfa946a_fake_B.jpg,complex
aa4f9584c92f2d8d_fake_B.jpg,complex
fcc3224657f468a3_fake_B.jpg,complex
d09e0ff72c607325_fake_B.jpg,complex
e1301fc1609d87ef_fake_B.jpg,complex
94360b4b68b5b65b_fake_B.jpg,complex
bcfd90636aa2658a_fake_B.jpg,complex
dc8abcd05fc8c80f_fake_B.jpg,complex
c285d82f2ab65ada_fake_B.jpg,complex
bde1964ada5b019a_fake_B.jpg,complex
add824f81f986e89_fake_B.jpg,complex
d5d81484865b2f3f_fake_B.jpg,complex
e1c2b75d78616ac1_fake_B.jpg,complex
e1f5b4e4a38c561c_fake_B.jpg,complex
b30ef1602ed307ad_fake_B.jpg,complex
a9eafde4ca80c247_fake_B.jpg,complex
c5e02495af73b4d1_fake_B.jpg,complex
e07caad4a3402fcf_fake_B.jpg,complex
8fadf039a06cd8f0_fake_B.jpg,complex
c8297ba99f098bcc_fake_B.jpg,complex
8d8185d0d995bdb9_fake_B.jpg,complex
c8a53fb6b0653e24_fake_B.jpg,complex
d93c29966626f29a_fake_B.jpg,complex
d7dae63085802fa7_fake_B.jpg,complex
81b331e1c1720fdf_fake_B.jpg,complex
d26693469eedb904_fake_B.jpg,complex
9167768d56bc9922_fake_B.jpg,complex
b8259a41d9f590b7_fake_B.jpg,complex
e99c99cf4d072712_fake_B.jpg,complex
eb61e501ee9d26c8_fake_B.jpg,complex
f8eed233d0f00dc8_fake_B.jpg,complex
aa6ed6a68b9e488c_fake_B.jpg,complex
f5b1d00d6c6cfa81_fake_B.jpg,complex
d6a1d5ca9fb42b40_fake_B.jpg,complex
d23dc7708cc7788a_fake_B.jpg,complex
f06a949a2b9d478d_fake_B.jpg,complex
fd79c0956a34a34c_fake_B.jpg,complex
d3b9e199bc299461_fake_B.jpg,complex
eed95ad30171b321_fake_B.jpg,complex
83cbdf3a6cd03606_fake_B.jpg,complex
f4858d4c42b0f7b9_fake_B.jpg,complex
a5c6dafe80f68a0a_fake_B.jpg,complex
84f0c8e17cb707dc_fake_B.jpg,complex
fd9bc9c0c8c74057_fake_B.jpg,complex
97787ab88e81292f_fake_B.jpg,complex
ea32d2c51349cf4e_fake_B.jpg,complex
aadcc108446675ff_fake_B.jpg,complex
c0d0cf0e34e4f2b7_fake_B.jpg,complex
fc438703dc13d89b_fake_B.jpg,complex
fd48c1b1ab507ca6_fake_B.jpg,complex
8e7986d1ecd36445_fake_B.jpg,complex
c1d94607bc1f58ad_fake_B.jpg,complex
ac4cd76e0ab56983_fake_B.jpg,complex
969bc9cd44866f23_fake_B.jpg,complex
a48cdb969552a6b5_fake_B.jpg,complex
f087971601ffc915_fake_B.jpg,complex
ca6e6a2510de6b59_fake_B.jpg,complex
c1cc35f49be191a3_fake_B.jpg,complex
f469c6471820e9fe_fake_B.jpg,complex
e196c3e0cf8d861d_fake_B.jpg,complex
fad480075f21697b_fake_B.jpg,complex
b0b99397d9826dc8_fake_B.jpg,complex
819c8fd2754f526c_fake_B.jpg,complex
c5a4af9d2849dd0b_fake_B.jpg,complex
cadf1952b0b2d0b5_fake_B.jpg,complex
f5c5d09cc8d26d94_fake_B.jpg,complex
b40dca9a9469ad6b_fake_B.jpg,complex
c2593b3f8d277064_fake_B.jpg,complex
e8d332bca79790a2_fake_B.jpg,complex
acdcd4f2dae28930_fake_B.jpg,complex
e2ec96a69cb6c813_fake_B.jpg,complex
a078c38cdfae5554_fake_B.jpg,complex
e0c504d155ff5696_fake_B.jpg,complex
c59b650df607e518_fake_B.jpg,complex
ddea65f621132a51_fake_B.jpg,complex
e0b36cdb3f01232d_fake_B.jpg,complex
fabdc08ac34a3f21_fake_B.jpg,complex
9d7ddcd23087a542_fake_B.jpg,complex
e5d91756a2aa5a45_fake_B.jpg,complex
a8c2e867c0ebd48f_fake_B.jpg,complex
ada6cc1d29a9332d_fake_B.jpg,complex
d1f7719e0344a11f_fake_B.jpg,complex
a6abe8924df1d429_fake_B.jpg,complex
a552ea11c58fcd6c_fake_B.jpg,complex
88b98dc1339ad9dc_fake_B.jpg,complex
eb91c18a5d5ea865_fake_B.jpg,complex
c1599b416327a78f_fake_B.jpg,complex
a5e7929e589a23c9_fake_B.jpg,complex
b7bcca8ce84f5046_fake_B.jpg,complex
98ba1a557464cdb5_fake_B.jpg,complex
c5e78f8ce0d84743_fake_B.jpg,complex
e081d10e687d3dbe_fake_B.jpg,complex
c22d66b2ac73b8ac_fake_B.jpg,complex
f0cacb951cd073e1_fake_B.jpg,complex
8a9138ebc3a68f8d_fake_B.jpg,complex
e2f0d61691dc73a1_fake_B.jpg,complex
ad8940d07a7bae95_fake_B.jpg,complex
f065c3d61d48707d_fake_B.jpg,complex
f5ad2f80693aca62_fake_B.jpg,complex
d8dbc2c4e5c38d8c_fake_B.jpg,complex
b980f8843c3e3e5e_fake_B.jpg,complex
c1399964478e5fb1_fake_B.jpg,complex
c1f0799787ea4c52_fake_B.jpg,complex
a5b4d28959871dc7_fake_B.jpg,complex
d88983e16657a6b3_fake_B.jpg,complex
f0ca94e9d6353e30_fake_B.jpg,complex
fe9985cac88f49a4_fake_B.jpg,complex
c6f791628f613a26_fake_B.jpg,complex
c66f65631bf118b0_fake_B.jpg,complex
b6f48968b991958e_fake_B.jpg,complex
d5e990d29b124f17_fake_B.jpg,complex
ea8545ba466ddaa8_fake_B.jpg,complex
9e95d9290982fb6a_fake_B.jpg,complex
88bf907dc2e62ca6_fake_B.jpg,complex
f8e800070ffe465f_fake_B.jpg,complex
f59ad11bf1034d8a_fake_B.jpg,complex
9590c7fa22f360cb_fake_B.jpg,complex
c9ed85951bdaa90c_fake_B.jpg,complex
ed4ac5299e3139c3_fake_B.jpg,complex
cd9233e52ae427a6_fake_B.jpg,complex
c3eac5fdc8343a11_fake_B.jpg,complex
e8afca4254c27cd5_fake_B.jpg,complex
b5ec50a48b93eb8a_fake_B.jpg,complex
e0ff08e05ea0d39d_fake_B.jpg,complex
a158872f4a725b6e_fake_B.jpg,complex
f80f89f0d0c671cd_fake_B.jpg,complex
95cd695ad68c78a4_fake_B.jpg,complex
f0c4c91ec5a4b43f_fake_B.jpg,complex
b593c281e9cfc14b_fake_B.jpg,complex
e8a5c7c5fcc52590_fake_B.jpg,complex
fae9d575ce304a10_fake_B.jpg,complex
ae25ce12cd5b8879_fake_B.jpg,complex
e73c83e050e3b5f0_fake_B.jpg,complex
bfd3c3880b7c18f0_fake_B.jpg,complex
ae95d4dac061ec27_fake_B.jpg,complex
85ca96c786858dde_fake_B.jpg,complex
f4aae10e7205fa2b_fake_B.jpg,complex
c69ec6c7e213f421_fake_B.jpg,complex
b1d45e61e03c7e0e_fake_B.jpg,complex
a44c9e4db572598b_fake_B.jpg,complex
bdaa8585deb0ea88_fake_B.jpg,complex
95a1679535d29f30_fake_B.jpg,complex
eb7ac5800ff8c0d3_fake_B.jpg,complex
b96b81a41f9272f8_fake_B.jpg,complex
de0b34699235a9e3_fake_B.jpg,complex
ab919c8f84cbcd1c_fake_B.jpg,complex
c4f860fd99337161_fake_B.jpg,complex
ec5a9ebc11d1351c_fake_B.jpg,complex
a45acb7c84669f23_fake_B.jpg,complex
f84d985729ba0aab_fake_B.jpg,complex
dcdae8b072b1ce30_fake_B.jpg,complex
903f6578bc0b8fc8_fake_B.jpg,complex
f1fb18e018dcb964_fake_B.jpg,complex
e9c28bdf568550ac_fake_B.jpg,complex
90c33a692df76827_fake_B.jpg,complex
a942625fcb72e562_fake_B.jpg,complex
d91f629cbf85048b_fake_B.jpg,complex
a987945cde4c54bc_fake_B.jpg,complex
f04e91eb8a5fa518_fake_B.jpg,complex
fccac8f84f85b405_fake_B.jpg,complex
ba906e6c9d956a52_fake_B.jpg,complex
ffcf0ac0b08871ec_fake_B.jpg,complex
951c6a39a3f2e338_fake_B.jpg,complex
ea4a254af7f840f1_fake_B.jpg,complex
bc51d26af4e5a08b_fake_B.jpg,complex
f934e01f3fc238c1_fake_B.jpg,complex
e2d0cfe1c1c5839e_fake_B.jpg,complex
9567c55e16cc94a5_fake_B.jpg,complex
a9d0d54bc4ad83cd_fake_B.jpg,complex
d2dac19c8ebd2ea0_fake_B.jpg,complex
bd30da37d12bd580_fake_B.jpg,complex
b873e4ba1c72421f_fake_B.jpg,complex
bd0a909f69c97865_fake_B.jpg,complex
ae9c947c78c2f08e_fake_B.jpg,complex
c29a39f9d8510f9c_fake_B.jpg,complex
c0816a962dceb76b_fake_B.jpg,complex
b4ef4b125c4901fd_fake_B.jpg,complex
c28eca2752e43ae7_fake_B.jpg,complex
f939e0970f469a58_fake_B.jpg,complex
ab1981fd06e23f8a_fake_B.jpg,complex
fa29a8c8be68f834_fake_B.jpg,complex
87b7b7101ae8f2c8_fake_B.jpg,complex
fccec6c0f6227702_fake_B.jpg,complex
b5b71000e4e4e6fd_fake_B.jpg,complex
abc591b0b2b3439e_fake_B.jpg,complex
b26940fda49f1b1c_fake_B.jpg,complex
ebc641c1c7e283ea_fake_B.jpg,complex
d562e0cd2d3ed432_fake_B.jpg,complex
c2a5b7d2886a396d_fake_B.jpg,complex
fd2e5244551730ed_fake_B.jpg,complex
8290c34dad175f3b_fake_B.jpg,complex
e88fc58d0e1cf85a_fake_B.jpg,complex
c1b98f4e3d25352a_fake_B.jpg,complex
8ab4b539357111fa_fake_B.jpg,complex
fcdec88ae8a29389_fake_B.jpg,complex
df4a6ca527073e06_fake_B.jpg,complex
9e2494d70b6db5c8_fake_B.jpg,complex
bd88d392ef883274_fake_B.jpg,complex
96cf8012697f3c78_fake_B.jpg,complex
8e6a823cce9ff40c_fake_B.jpg,complex
919ac10a5cf8ad7d_fake_B.jpg,complex
ab44923e11b507fe_fake_B.jpg,complex
c3b0339cccecac27_fake_B.jpg,complex
f845d0969edada0a_fake_B.jpg,complex
91285b9fcae69493_fake_B.jpg,complex
f53997d34c8e302c_fake_B.jpg,complex
a5869acf84c9cdc5_fake_B.jpg,complex
ea557ce5c486d2c8_fake_B.jpg,complex
f8f5e895898125e6_fake_B.jpg,complex
fd69d03083db1bc8_fake_B.jpg,complex
f674f490e46e094b_fake_B.jpg,complex
b56ad726c8529c8b_fake_B.jpg,complex
b49e9a954d8554cd_fake_B.jpg,complex
faea9f872d872440_fake_B.jpg,complex
fd30e99e465876c0_fake_B.jpg,complex
d18f7a9ae8f88d80_fake_B.jpg,complex
f4e9ca85859c2b99_fake_B.jpg,complex
c388333f050f1cfb_fake_B.jpg,complex
84f01d83f8ff321c_fake_B.jpg,complex
bd708683489d3d5d_fake_B.jpg,complex
abe8d5adda841e24_fake_B.jpg,complex
80decb70b3295bb2_fake_B.jpg,complex
bdee9ac05588d658_fake_B.jpg,complex
f868850f5ec133bc_fake_B.jpg,complex
e5be46a8172e62f0_fake_B.jpg,complex
895f64725dcc3cb0_fake_B.jpg,complex
88ea5295af60d477_fake_B.jpg,complex
94a0d880a99fb5fd_fake_B.jpg,complex
cb8609152fdcf651_fake_B.jpg,complex
dfc6621a8d273139_fake_B.jpg,complex
94330a6977d433da_fake_B.jpg,complex
b0e88695693aa55f_fake_B.jpg,complex
ea8593ae51b6394a_fake_B.jpg,complex
fc2bc00770d8e6f8_fake_B.jpg,complex
b46a95724da1566d_fake_B.jpg,complex
9139d03c4fc91fe4_fake_B.jpg,complex
e0a0ce2d1dd33793_fake_B.jpg,complex
b04dddd00c3dfa32_fake_B.jpg,complex
cf9f700326c43e71_fake_B.jpg,complex
f571df500b9470b4_fake_B.jpg,complex
fcc18dc9c5cc26d4_fake_B.jpg,complex
bd1595dcdaa8e844_fake_B.jpg,complex
abfac280804be5bf_fake_B.jpg,complex
a0aa17b6f95a630d_fake_B.jpg,complex
fc9fd82e1c4aa8d0_fake_B.jpg,complex
9cb97f87870407f0_fake_B.jpg,complex
e668d51407be67c2_fake_B.jpg,complex
b4f35ba148abb512_fake_B.jpg,complex
fe83a27db82190f4_fake_B.jpg,complex
e59e94b8c813b873_fake_B.jpg,complex
b385812a4ccfbd96_fake_B.jpg,complex
ffde86c09c943891_fake_B.jpg,complex
c7616f317c793c20_fake_B.jpg,complex
a89ad214cbada5ea_fake_B.jpg,complex
dab4e58d892c8e2e_fake_B.jpg,complex
df241594bbd2649a_fake_B.jpg,complex
97cb55ea1a31acb0_fake_B.jpg,complex
a8bed495ad4f4a44_fake_B.jpg,complex
aca06895d44f7d2d_fake_B.jpg,complex
a04fc15e669ec94e_fake_B.jpg,complex
c15adf0ff640b350_fake_B.jpg,complex
de8ed0f86c6262f0_fake_B.jpg,complex
accf95c81a09f92d_fake_B.jpg,complex
eb5cc0c51c5bdc98_fake_B.jpg,complex
fde287a78e9c4850_fake_B.jpg,complex
a52fc420dea5dc87_fake_B.jpg,complex
f3e5c3c41e0f22d4_fake_B.jpg,complex
8af8a0c2beca90ef_fake_B.jpg,complex
bb92259da5fbc500_fake_B.jpg,complex
a46b50cd233dece2_fake_B.jpg,complex
e04f97a0da3649d6_fake_B.jpg,complex
ffe8e0c3c21f00ce_fake_B.jpg,complex
8f2071c7987e86ea_fake_B.jpg,complex
da44867e8f1e4768_fake_B.jpg,complex
b6dcb7944a82384f_fake_B.jpg,complex
8def4d91382175c3_fake_B.jpg,complex
c0642fcf6b8bb10e_fake_B.jpg,complex
9e21c4da3336bd52_fake_B.jpg,complex
cd9003bc0be0bafb_fake_B.jpg,complex
a7b2c0f2e30a20ff_fake_B.jpg,complex
fcfe8de21f00a0e4_fake_B.jpg,complex
cc074007eefe541f_fake_B.jpg,complex
bfc0d260c7179e2c_fake_B.jpg,complex
f5d7c0ea8581bd81_fake_B.jpg,complex
ff2b8b4038bd701c_fake_B.jpg,complex
e065df9640db7382_fake_B.jpg,complex
a4dc8bbb1a693543_fake_B.jpg,complex
dca33a9ae3261a72_fake_B.jpg,complex
85a335c53f94c6a3_fake_B.jpg,complex
fcf485f4d0a00bc7_fake_B.jpg,complex
f45ac2871dc29cd9_fake_B.jpg,complex
f42f92438f8349da_fake_B.jpg,complex
c6c41e7f78692d11_fake_B.jpg,complex
dc32a161cfea9a19_fake_B.jpg,complex
d4b0c3cb0fc7ec06_fake_B.jpg,complex
9cb09eb2cabfc700_fake_B.jpg,complex
e60bd2b373699344_fake_B.jpg,complex
e8a9d4c94abdfc02_fake_B.jpg,complex
d6d5c28a0f2d31f4_fake_B.jpg,complex
cfbd2c3e3e143230_fake_B.jpg,complex
a1d7c0c9271e3bd8_fake_B.jpg,complex
f8576a47256a3722_fake_B.jpg,complex
d3f77b6121cb0909_fake_B.jpg,complex
a15fc369ad05529e_fake_B.jpg,complex
da40c0e2d4d775ce_fake_B.jpg,complex
a88f9e58d209ad75_fake_B.jpg,complex
a5d0d6689ee59c8c_fake_B.jpg,complex
abec8d940df8da28_fake_B.jpg,complex
cdc0763b3b0510df_fake_B.jpg,complex
fc6dac4dbc044785_fake_B.jpg,complex
a506c47f0f2d3d61_fake_B.jpg,complex
81c303afa7d2c3ea_fake_B.jpg,complex
d6a3a919b879e541_fake_B.jpg,complex
fb0e92b59637a124_fake_B.jpg,complex
bad992af47e26054_fake_B.jpg,complex
fd54c08e1c29697b_fake_B.jpg,complex
8bc2979962db6549_fake_B.jpg,complex
f36c8f1a10d131be_fake_B.jpg,complex
bdda454724e9b027_fake_B.jpg,complex
cbd22f823e2f9461_fake_B.jpg,complex
b5d9d2ca4b3e01b4_fake_B.jpg,complex
be2dc4c1a17a0b3b_fake_B.jpg,complex
e93ec57218685d55_fake_B.jpg,complex
af80c1a082dfdf8b_fake_B.jpg,complex
b40fd0b78bc0dd86_fake_B.jpg,complex
9db34d659c134867_fake_B.jpg,complex
a5d1d2d0ce1aeb61_fake_B.jpg,complex
a6b6599956c5c46c_fake_B.jpg,complex
c3a434b2dbcf2c62_fake_B.jpg,complex
cea794b9743985c8_fake_B.jpg,complex
d2b592801f7c678b_fake_B.jpg,complex
b43fd252078b2e1d_fake_B.jpg,complex
fccdc58d5ab13a40_fake_B.jpg,complex
c0e85f9f29c654f0_fake_B.jpg,complex
b461d892c9991ff8_fake_B.jpg,complex
f3781f079807d8c3_fake_B.jpg,complex
aff1d603c8cfe480_fake_B.jpg,complex
e3c1969c8fd0fc90_fake_B.jpg,complex
e306368eef675016_fake_B.jpg,complex
98cd9966d30ec3e1_fake_B.jpg,complex
8023c3f31f875b6c_fake_B.jpg,complex
b48192ce4a7e69b5_fake_B.jpg,complex
d6e2ce215d9a05f2_fake_B.jpg,complex
f1bccbee83dc0098_fake_B.jpg,complex
e1d812de84af5c56_fake_B.jpg,complex
e0eac165b2c1576b_fake_B.jpg,complex
cc31c6cb2e25eb19_fake_B.jpg,complex
a4a5d6d69e9a981c_fake_B.jpg,complex
f95747c10af52255_fake_B.jpg,complex
d5811b409d1ddb5e_fake_B.jpg,complex
fbd29381d4075f44_fake_B.jpg,complex
d55a38c9e61dd628_fake_B.jpg,complex
f584c0c8c5e497b7_fake_B.jpg,complex
f1cd1ace6a54151d_fake_B.jpg,complex
a84bd03d95be07b2_fake_B.jpg,complex
fce38f192358066d_fake_B.jpg,complex
b5a55292438277ed_fake_B.jpg,complex
a52794630a8feb1e_fake_B.jpg,complex
aa96c45a8d6319fc_fake_B.jpg,complex
e61bc1839cc74d65_fake_B.jpg,complex
a8ef8f1e5021e569_fake_B.jpg,complex
a4f5b416e816c92f_fake_B.jpg,complex
9413dfe0c7366338_fake_B.jpg,complex
cf9300c7e4fa58e1_fake_B.jpg,complex
b57ac152cf958dc0_fake_B.jpg,complex
d72482b49f346ad6_fake_B.jpg,complex
b00b1fe017ee41dd_fake_B.jpg,complex
b686d217a1e2e3a5_fake_B.jpg,complex
9fd400d5d66976a2_fake_B.jpg,complex
a4a3f85b8fc390b8_fake_B.jpg,complex
b5ad94c3485f217c_fake_B.jpg,complex
f7e2c2028ebda8a5_fake_B.jpg,complex
9463dd5c69222eb5_fake_B.jpg,complex
ba2092abd0faa95b_fake_B.jpg,complex
aad597fcda888168_fake_B.jpg,complex
ea2ac700fe30785f_fake_B.jpg,complex
b48ac9c8edc5e6c2_fake_B.jpg,complex
f0cdcf9ec42b005d_fake_B.jpg,complex
a332cd4f1cf8b360_fake_B.jpg,complex
f4d4c4c68e5e2ad8_fake_B.jpg,complex
e8f0dfe08ac510ee_fake_B.jpg,complex
fe900adaa96965c9_fake_B.jpg,complex
fc83961c7869e364_fake_B.jpg,complex
f3a0e037c5198bba_fake_B.jpg,complex
ff502a85daf62152_fake_B.jpg,complex
a89693a28b45ded6_fake_B.jpg,complex
80a13fcd9a4fb14b_fake_B.jpg,complex
f7199fadd22882c8_fake_B.jpg,complex
a985f5e98decc112_fake_B.jpg,complex
f417e0838e1067fd_fake_B.jpg,complex
cfc2ce06e432be0b_fake_B.jpg,complex
d629f4c3ca878749_fake_B.jpg,complex
b1daf9c8e1d0aa91_fake_B.jpg,complex
d4ac8e2ab7ac311b_fake_B.jpg,complex
e9c1c32b5479e8b1_fake_B.jpg,complex
fd4e27ef818b8d00_fake_B.jpg,complex
d4f4ac72582a14f7_fake_B.jpg,complex
92834ff8f036e60b_fake_B.jpg,complex
f0f8f0d81e386c3a_fake_B.jpg,complex
b64dc334671527f0_fake_B.jpg,complex
88e02dc340bee2ff_fake_B.jpg,complex
aab865829f3dd215_fake_B.jpg,complex
a95f9303d094729f_fake_B.jpg,complex
fa89c7342f72308b_fake_B.jpg,complex
b65faa5a0be342a8_fake_B.jpg,complex
f0099ec72ddf2039_fake_B.jpg,complex
fd16e9f0281c86d6_fake_B.jpg,complex
e0f293b60aaf5a46_fake_B.jpg,complex
c13977cb1d2708e3_fake_B.jpg,complex
f55aaa9462a56d89_fake_B.jpg,complex
cd303b79927fc205_fake_B.jpg,complex
f249c6b8c915e996_fake_B.jpg,complex
d6dedcc28dc245c8_fake_B.jpg,complex
f3e9235b50b0a555_fake_B.jpg,complex
c1313b58da19bde1_fake_B.jpg,complex
af6196b1ca9a6d88_fake_B.jpg,complex
a0a5dc4ff450a2fa_fake_B.jpg,complex
d07a5cb07c83e29e_fake_B.jpg,complex
dc14ca65a3825b3f_fake_B.jpg,complex
a8b692dad9f5d880_fake_B.jpg,complex
a9ae78d0f3617451_fake_B.jpg,complex
9d9bb09c8b40db5a_fake_B.jpg,complex
a8e995a58df4a5a2_fake_B.jpg,complex
84f08e4320ecfbe7_fake_B.jpg,complex
8a0be55d81f4bf0c_fake_B.jpg,complex
eb8100abfd56157c_fake_B.jpg,complex
aa4c9c4aae5f870b_fake_B.jpg,complex
89eb8c8d9ccd9499_fake_B.jpg,complex
c3b8259eb27e8a86_fake_B.jpg,complex
fe9ca00233723bd3_fake_B.jpg,complex
eea5c057c20ec69e_fake_B.jpg,complex
a48435744a55f5af_fake_B.jpg,complex
bf8bf202005f07d7_fake_B.jpg,complex
af52f7299a250a27_fake_B.jpg,complex
b8b7c08cb7758499_fake_B.jpg,complex
a08cb39e8798daf8_fake_B.jpg,complex
b9d2b5da4a4a2d15_fake_B.jpg,complex
e1ace2bb222b3f84_fake_B.jpg,complex
b53cb02b1ce694ec_fake_B.jpg,complex
d8cf68894f497e30_fake_B.jpg,complex
c5ef7ee4a0a6a144_fake_B.jpg,complex
b6e4c1c7165c19bc_fake_B.jpg,complex
a8dc903f5a0f14af_fake_B.jpg,complex
a8a790f6dfc02a5a_fake_B.jpg,complex
b193d29a6948b6da_fake_B.jpg,complex
a9a8541f66ec9987_fake_B.jpg,complex
a08ed6f64c0bf2b4_fake_B.jpg,complex
aaf59dc49a9a8945_fake_B.jpg,complex
b4f365f16229c2d2_fake_B.jpg,complex
fc30c5c30a4f7a9c_fake_B.jpg,complex
f516d02fc368cf50_fake_B.jpg,complex
e13dd2594b49ad85_fake_B.jpg,complex
af55875c5e685a03_fake_B.jpg,complex
a4c0903f1fe34dc7_fake_B.jpg,complex
f0e7cf201c37c1f0_fake_B.jpg,complex
ffa2d6e8d6a08321_fake_B.jpg,complex
bd5225a644a76e96_fake_B.jpg,complex
800edef467d27c15_fake_B.jpg,complex
fa2c8285b4d936bc_fake_B.jpg,complex
a088d2bd687a6bad_fake_B.jpg,complex
f493c15b8c513ce5_fake_B.jpg,complex
ebe5438717069927_fake_B.jpg,complex
a5f1d0cb48b56d34_fake_B.jpg,complex
b43c90132fcbd2f4_fake_B.jpg,complex
fe4bc0bb89192176_fake_B.jpg,complex
8ae47d252a8ed53a_fake_B.jpg,complex
83b24a7e2acb938d_fake_B.jpg,complex
fcd78a858aa85a39_fake_B.jpg,complex
c372309fce61de30_fake_B.jpg,complex
aff985c16e9d4640_fake_B.jpg,complex
fd9a8a86662395a9_fake_B.jpg,complex
b6c436f21f6804f9_fake_B.jpg,complex
f2e887923e584b63_fake_B.jpg,complex
81d291cad9657d35_fake_B.jpg,complex
8490712d5f8fbb23_fake_B.jpg,complex
f48790e25bc568f8_fake_B.jpg,complex
a43196793d45759c_fake_B.jpg,complex
a07fc127c23c4f9c_fake_B.jpg,complex
94b46bc8663c25f9_fake_B.jpg,complex
bb83b5d905937503_fake_B.jpg,complex
aaadd580de47ad0a_fake_B.jpg,complex
e11ac23e9672fce0_fake_B.jpg,complex
838667499f317267_fake_B.jpg,complex
95e1ca93ea95256c_fake_B.jpg,complex
b0caf5c54adc6dc0_fake_B.jpg,complex
84a15c97cc9cff48_fake_B.jpg,complex
8c2bb1e6bc87329c_fake_B.jpg,complex
f8441300fefbf229_fake_B.jpg,complex
ab95958fca4e007e_fake_B.jpg,complex
bdd290c8cbc9aca9_fake_B.jpg,complex
f8e289a98187afb8_fake_B.jpg,complex
b42a92525bf564ab_fake_B.jpg,complex
fea6d0b482d44fc2_fake_B.jpg,complex
eebe02cc97709d21_fake_B.jpg,complex
a0c0c2dad98d5ebd_fake_B.jpg,complex
a786284969ca3fb5_fake_B.jpg,complex
cfc087813b75c197_fake_B.jpg,complex
8c8c3cb823c657fc_fake_B.jpg,complex
a92fe16ec18f51d0_fake_B.jpg,complex
fd3d5ac5503e811c_fake_B.jpg,complex
c1c34ac9b9557393_fake_B.jpg,complex
f8e3d071c053cf83_fake_B.jpg,complex
a6b6f6cae4394189_fake_B.jpg,complex
c89c6af48b740f95_fake_B.jpg,complex
a1e8b67cc25569c9_fake_B.jpg,complex
e8c1c1d87954b0ef_fake_B.jpg,complex
90b42a547de9f469_fake_B.jpg,complex
ecfdb59a48c94d08_fake_B.jpg,complex
a090d28f5fa895af_fake_B.jpg,complex
959c972230b5fc66_fake_B.jpg,complex
8d38cd18ce9d5dc4_fake_B.jpg,complex
b4bbb596e3809253_fake_B.jpg,complex
df89cd86c0ed05ca_fake_B.jpg,complex
a52ed28799851b3b_fake_B.jpg,complex
af6bd4a4c892c559_fake_B.jpg,complex
ff6c3385e46a1511_fake_B.jpg,complex
bbbdc0d16223259b_fake_B.jpg,complex
fd03d0fc4998a2d9_fake_B.jpg,complex
eb59933178d7f002_fake_B.jpg,complex
f8ab8597dc92d411_fake_B.jpg,complex
f87b430fa80d17d4_fake_B.jpg,complex
826c96e83790799f_fake_B.jpg,complex
a9b0c1c8db869ad7_fake_B.jpg,complex
c59bfac9182682de_fake_B.jpg,complex
c9c2b57f1438b62c_fake_B.jpg,complex
bc21db638bf2b242_fake_B.jpg,complex
a8ef34d3b0f14370_fake_B.jpg,complex
fc05c88b85e36db8_fake_B.jpg,complex
aaccc1c8c8f7c5c3_fake_B.jpg,complex
fc803b33128edee8_fake_B.jpg,complex
f24af0d3e89249e5_fake_B.jpg,complex
af5a31d2ca953332_fake_B.jpg,complex
b594d286ddcfc0c8_fake_B.jpg,complex
f06e8b295f8b64b0_fake_B.jpg,complex
ff68c1f58146881f_fake_B.jpg,complex
f80f215af24b74a9_fake_B.jpg,complex
eff087cf823c0871_fake_B.jpg,complex
bca9c2632b355ad8_fake_B.jpg,complex
fc96c0c0c7ea0ce7_fake_B.jpg,complex
cbec2f02c0f27cca_fake_B.jpg,complex
801d6dcd96e48ebc_fake_B.jpg,complex
8e68163c62dc57d5_fake_B.jpg,complex
a45996c90bd271db_fake_B.jpg,complex
80789c79f4d1a3d3_fake_B.jpg,complex
aa5442c9da6ab93b_fake_B.jpg,complex
b1d1446e2cb697b2_fake_B.jpg,complex
f1dadac0dd622a07_fake_B.jpg,complex
fb2d81cd1d5a4c38_fake_B.jpg,complex
d50f866815fb64a3_fake_B.jpg,complex
d6fe847869305d92_fake_B.jpg,complex
fa1cc2c894d389db_fake_B.jpg,complex
9d929299e5c96cc5_fake_B.jpg,complex
a3a3c2f498da945b_fake_B.jpg,complex
83ba98e3ad3c6872_fake_B.jpg,complex
b7c0d2960d3a616f_fake_B.jpg,complex
f2c4c7d80cdcf832_fake_B.jpg,complex
9548d2ccead92cf1_fake_B.jpg,complex
8adcbb410ba99d5c_fake_B.jpg,complex
f813e91a910d65de_fake_B.jpg,complex
c5c29587a48e0f7e_fake_B.jpg,complex
9db192eba5fca420_fake_B.jpg,complex
a8bd55b203daa0de_fake_B.jpg,complex
dce1a07f48253f15_fake_B.jpg,complex
a56153d2a5a74a4f_fake_B.jpg,complex
fb24d2a0cf2acf90_fake_B.jpg,complex
a465ee52524dbba8_fake_B.jpg,complex
b4e7d2c3fe170908_fake_B.jpg,complex
e89772b7d28a944a_fake_B.jpg,complex
a1f53e88d48d2fa8_fake_B.jpg,complex
d0dd7a8470d5b09d_fake_B.jpg,complex
a0af4a966c1b374d_fake_B.jpg,complex
91ec138593c7d1ba_fake_B.jpg,complex
cfc00f48246fbe2e_fake_B.jpg,complex
fa19c2d08d973e26_fake_B.jpg,complex
986fd3e526c823a6_fake_B.jpg,complex
a2d96f930deb84e0_fake_B.jpg,complex
f0bde11c077e18a3_fake_B.jpg,complex
912316b788ff08ee_fake_B.jpg,complex
d0a0b4be9ef2ec42_fake_B.jpg,complex
d0c6893a3633f359_fake_B.jpg,complex
8f302a9511b7e74e_fake_B.jpg,complex
8bc9c28acf7f2530_fake_B.jpg,complex
c91b52d54dca70e3_fake_B.jpg,complex
a5a6c896c8d591fa_fake_B.jpg,complex
9dff08c36ca1037a_fake_B.jpg,complex
dcd652b1f18a7924_fake_B.jpg,complex
946b63b59a8aa770_fake_B.jpg,complex
f07ad72d014c4fb8_fake_B.jpg,complex
aa76853269cb66c9_fake_B.jpg,complex
a0e388e61f9c5cb9_fake_B.jpg,complex
95bc9f8946d14cc6_fake_B.jpg,complex
d1bc99ca2f01e61b_fake_B.jpg,complex
8d5133fd9ca75428_fake_B.jpg,complex
d1dc63f1271d1c8a_fake_B.jpg,complex
eb10cbb9ad1a8c2b_fake_B.jpg,complex
d595624a1bb49eaa_fake_B.jpg,complex
d8eeca049f688ed4_fake_B.jpg,complex
89b24499628fb5ed_fake_B.jpg,complex
9c077ad23a231abb_fake_B.jpg,complex
ea8f60de4f608d15_fake_B.jpg,complex
fcc4c8bf387015c5_fake_B.jpg,complex
c0f487a36dc35c87_fake_B.jpg,complex
bc65d81236e15c73_fake_B.jpg,complex
dfbe808b07cb4741_fake_B.jpg,complex
abb8a707af00af51_fake_B.jpg,complex
a7a49ebec8c1ba48_fake_B.jpg,complex
aa7b85318d45c177_fake_B.jpg,complex
ad4995449b8a99fa_fake_B.jpg,complex
f6f28cd63c847238_fake_B.jpg,complex
c723c79032ce37e4_fake_B.jpg,complex
d8a312cbe4f2ad32_fake_B.jpg,complex
ceb03137c7cc323c_fake_B.jpg,complex
ade6a7548b346934_fake_B.jpg,complex
c8c93c3462637abb_fake_B.jpg,complex
aaba15a4bb97318c_fake_B.jpg,complex
ff92c2c11eca295c_fake_B.jpg,complex
88975a972c5cdea4_fake_B.jpg,complex
ec86ce8f19797250_fake_B.jpg,complex
e068d465d4756d1e_fake_B.jpg,complex
94d2c39ae8f86b26_fake_B.jpg,complex
af1012d9bf05456f_fake_B.jpg,complex
a0a13597969d2f4d_fake_B.jpg,complex
fd810f93a66d3249_fake_B.jpg,complex
a1e9c2e7dbc940c3_fake_B.jpg,complex
fb943c40cbd8742e_fake_B.jpg,complex
870963e53fb5e023_fake_B.jpg,complex
a1dfd2d8d281bc85_fake_B.jpg,complex
d7206fc730bf82c8_fake_B.jpg,complex
e256e2d26d3e1dc0_fake_B.jpg,complex
a5976e1d847b30c9_fake_B.jpg,complex
88dc1ee9f4258fa2_fake_B.jpg,complex
fd68ddd0880c9a9d_fake_B.jpg,complex
a18979581ead3756_fake_B.jpg,complex
922b31bfa10e9b5c_fake_B.jpg,complex
e1cff057f6118035_fake_B.jpg,complex
e514c77096b396a3_fake_B.jpg,complex
90e44ee17cf246ad_fake_B.jpg,complex
fe4840de655aa8ad_fake_B.jpg,complex
b4f0ee68059e95b4_fake_B.jpg,complex
fc7b8a4342e46726_fake_B.jpg,complex
eb9ac0d3d1ab30c9_fake_B.jpg,complex
fe06ce32b8f108cd_fake_B.jpg,complex
96a738204ddf9cd1_fake_B.jpg,complex
dd7788c48b6842b7_fake_B.jpg,complex
9fe174c9e157850a_fake_B.jpg,complex
de8965d3026a69b6_fake_B.jpg,complex
d209d623d47fb0e2_fake_B.jpg,complex
f4e99ec8481627b6_fake_B.jpg,complex
e1f0e1a4b2c33ed2_fake_B.jpg,complex
f585d0d2caeaeb02_fake_B.jpg,complex
febd30d10d5f9088_fake_B.jpg,complex
eca06e87963141fd_fake_B.jpg,complex
d99272da83e39685_fake_B.jpg,complex
a4b69e618ce4cb8e_fake_B.jpg,complex
ed75c1558dca3c48_fake_B.jpg,complex
f7a1d34b8903186f_fake_B.jpg,complex
be8f858087562f6a_fake_B.jpg,complex
a56dd542a9aaa9aa_fake_B.jpg,complex
f49f808296935b1f_fake_B.jpg,complex
b84e05ccaa9bb13b_fake_B.jpg,complex
9616d91dc4dc66cc_fake_B.jpg,complex
f514d58e50bf21a9_fake_B.jpg,complex
8f3360ce3227c79a_fake_B.jpg,complex
fd24f8d20091ae9f_fake_B.jpg,complex
c4ab3f9dbe205512_fake_B.jpg,complex
b0a5c2facf442e17_fake_B.jpg,complex
9e99dd8a8dd46238_fake_B.jpg,complex
81b74b16fc89f80e_fake_B.jpg,complex
ffe8da82988311da_fake_B.jpg,complex
d0b487c76e8e3278_fake_B.jpg,complex
ec3cdb00f9cb00dd_fake_B.jpg,complex
80b0b0dacf697db4_fake_B.jpg,complex
e796832990c28ffc_fake_B.jpg,complex
d6e447ca1f967842_fake_B.jpg,complex
af7da951e84a9485_fake_B.jpg,complex
95e3c8ec6c0d927a_fake_B.jpg,complex
ad1ed212c992c9db_fake_B.jpg,complex
e0f29d4f619c4e68_fake_B.jpg,complex
a1a0b4de1f1f5616_fake_B.jpg,complex
a0d0dadf0f266a72_fake_B.jpg,complex
faf0cc1c8ce40d5d_fake_B.jpg,complex
bfa1db0d694d6221_fake_B.jpg,complex
cb99c188efc035e9_fake_B.jpg,complex
e850cf117da33c8d_fake_B.jpg,complex
aa389e7bd8ab1198_fake_B.jpg,complex
df38618b63c0c375_fake_B.jpg,complex
daec692603ccbe62_fake_B.jpg,complex
dab2c193c49da18f_fake_B.jpg,complex
9b9079448919fa5f_fake_B.jpg,complex
f8b4d13b0bc179c1_fake_B.jpg,complex
f209df307ee700cc_fake_B.jpg,complex
94f297139780a5eb_fake_B.jpg,complex
ab4115cb815fd1d5_fake_B.jpg,complex
fc28ca963dc890f3_fake_B.jpg,complex
cc3923cf14c5b63a_fake_B.jpg,complex
fdf586c0c063199d_fake_B.jpg,complex
8fd88738e26f45c4_fake_B.jpg,complex
b2f09aaaed15529a_fake_B.jpg,complex
85cd583c276236b7_fake_B.jpg,complex
90ed9ba0a1376f16_fake_B.jpg,complex
d9f3a4cd32678c30_fake_B.jpg,complex
f8da5781ba9c90b8_fake_B.jpg,complex
b16b6315c525557a_fake_B.jpg,complex
a1718ccef69892b9_fake_B.jpg,complex
eaaa60d46964c5af_fake_B.jpg,complex
e849f04f662f5a19_fake_B.jpg,complex
bc2a94a2af52da69_fake_B.jpg,complex
b8b0ee5bb4058f1a_fake_B.jpg,complex
f8bbc0c281a70f9d_fake_B.jpg,complex
f078a3f187c18ba9_fake_B.jpg,complex
d2d2cb146522776b_fake_B.jpg,complex
affb8470cab1e882_fake_B.jpg,complex
d5795a2b9546a968_fake_B.jpg,complex
96782a8835acbf35_fake_B.jpg,complex
fed8875ead42300b_fake_B.jpg,complex
e05e96c2608acf3f_fake_B.jpg,complex
82b632b2d96b496e_fake_B.jpg,complex
e3c1d21d8ecc6574_fake_B.jpg,complex
a119961b589fe56a_fake_B.jpg,complex
e083471e9e9893b7_fake_B.jpg,complex
f063873484735b9b_fake_B.jpg,complex
ec8bc1698864cef5_fake_B.jpg,complex
f5f41b89096938b5_fake_B.jpg,complex
f627b6f849324931_fake_B.jpg,complex
d0973e720f60e11f_fake_B.jpg,complex
ea0ec53e8c3dcc70_fake_B.jpg,complex
dfff4a08318322ae_fake_B.jpg,complex
aa8497a043736bdd_fake_B.jpg,complex
f493cc8fcf061239_fake_B.jpg,complex
b0b08b578fda6147_fake_B.jpg,complex
8baada949b911177_fake_B.jpg,complex
a13b3f73c0b4a658_fake_B.jpg,complex
c8e1e2b594fae162_fake_B.jpg,complex
a4f0c283879e92fe_fake_B.jpg,complex
9ccbc2c5d1aaf078_fake_B.jpg,complex
cf3f36cf12298231_fake_B.jpg,complex
a5b29dc5585cd03d_fake_B.jpg,complex
a45181bbf41d96e9_fake_B.jpg,complex
d24d9a8c79b6e1c2_fake_B.jpg,complex
c572f28f73c58541_fake_B.jpg,complex
aac5a1b4e5f5a40b_fake_B.jpg,complex
85ca3c8fa0b4dfd0_fake_B.jpg,complex
c20f1f383de0f187_fake_B.jpg,complex
9ac3c5851b3d75c2_fake_B.jpg,complex
aa90c2dbc5cd4dc6_fake_B.jpg,complex
e0c0173bf735ccc4_fake_B.jpg,complex
e9623546d05a5fb8_fake_B.jpg,complex
849da6a19e69ec55_fake_B.jpg,complex
f0d3c3b2cf598438_fake_B.jpg,complex
f0c1d38d0b776f08_fake_B.jpg,complex
dbc5d38e3ca1c4c2_fake_B.jpg,complex
f6d2c49627782ce1_fake_B.jpg,complex
c1fa2e8ab2d53a0e_fake_B.jpg,complex
911ae345db29792d_fake_B.jpg,complex
e2fa3a23d3cb0d12_fake_B.jpg,complex
fccad4cb40fd8185_fake_B.jpg,complex
af53906387fa099a_fake_B.jpg,complex
a5eb85c289a7cb0b_fake_B.jpg,complex
fca3c5528ed14999_fake_B.jpg,complex
b585cb571c5a728a_fake_B.jpg,complex
a9b095bedada5805_fake_B.jpg,complex
e59ed2dc91b002bb_fake_B.jpg,complex
b00ed005cdf636db_fake_B.jpg,complex
f4e1de628984e9d4_fake_B.jpg,complex
ee9490569b48cdad_fake_B.jpg,complex
94a386b68ebfd0d0_fake_B.jpg,complex
ef5f9e680b27b002_fake_B.jpg,complex
91356d6693af5445_fake_B.jpg,complex
abb4cb4ced3058aa_fake_B.jpg,complex
b3f08fe0ce07cc92_fake_B.jpg,complex
bb25c169c5476e85_fake_B.jpg,complex
883b67aa9a5362b6_fake_B.jpg,complex
86b0cacde5c57332_fake_B.jpg,complex
de6c448e38d3961e_fake_B.jpg,complex
dde824a1949bcbd1_fake_B.jpg,complex
c00e323fcf8e4f46_fake_B.jpg,complex
8ab073c5dd79a2a8_fake_B.jpg,complex
badc8a6845327d53_fake_B.jpg,complex
e534877b484241ff_fake_B.jpg,complex
ebdccdcb9d112501_fake_B.jpg,complex
d47f8109eaf82cd4_fake_B.jpg,complex
e1c5e346132e561f_fake_B.jpg,complex
d4b7ea94e1c509e2_fake_B.jpg,complex
cd9fc2a9994fe810_fake_B.jpg,complex
8e77857194a59a87_fake_B.jpg,complex
ddbf2eddd98c8000_fake_B.jpg,complex
95c86878e7c2e764_fake_B.jpg,complex
b4689274cab6d89b_fake_B.jpg,complex
a829c4fd88b73897_fake_B.jpg,complex
9db89d41603e0fb3_fake_B.jpg,complex
b8ec878268c4537f_fake_B.jpg,complex
b79793a5cd342a12_fake_B.jpg,complex
adad4ab6c281d5ac_fake_B.jpg,complex
afb2de2e49cd10c4_fake_B.jpg,complex
a8aa915abe68b565_fake_B.jpg,complex
87c32387a2b4eaea_fake_B.jpg,complex
92e8c955cc7d6c4c_fake_B.jpg,complex
80f4549ce81eefe1_fake_B.jpg,complex
acead4dcca8a48ec_fake_B.jpg,complex
d3d237e0c3ca3465_fake_B.jpg,complex
abc090edba00fdbc_fake_B.jpg,complex
d4a3d60d0d6e7296_fake_B.jpg,complex
a0304ff9fc1f4b60_fake_B.jpg,complex
fb1ec0dad88a709c_fake_B.jpg,complex
84c0cf8a79d77b84_fake_B.jpg,complex
9d90616795187aed_fake_B.jpg,complex
b8b5fa08ef90ea21_fake_B.jpg,complex
ad6d188768f1e62c_fake_B.jpg,complex
c92ed177c236c4d1_fake_B.jpg,complex
af0cc2ae9e809df1_fake_B.jpg,complex
a5599a6bd861fa03_fake_B.jpg,complex
a5bd10904b5b58f7_fake_B.jpg,complex
ff1dd5748e020a8e_fake_B.jpg,complex
fa900bfc9dc701aa_fake_B.jpg,complex
a639cb9ab2dc21c6_fake_B.jpg,complex
b4eba088e9d019df_fake_B.jpg,complex
f4ec97849a145a9e_fake_B.jpg,complex
e60b8ed801dc23ef_fake_B.jpg,complex
dbf1c4feca600562_fake_B.jpg,complex
eab0bcc3392fc20e_fake_B.jpg,complex
b7b1c6e3b0a0a2da_fake_B.jpg,complex
a5de927a7b41085e_fake_B.jpg,complex
f9fde00a80f05ef0_fake_B.jpg,complex
f927c1d51269786c_fake_B.jpg,complex
bc30177e9505d5a5_fake_B.jpg,complex
f0bfdbc108a0f88e_fake_B.jpg,complex
8563de78469d64e4_fake_B.jpg,complex
e2c787d4070d786d_fake_B.jpg,complex
e2b3d270da6b78c0_fake_B.jpg,complex
abd7a58206921fda_fake_B.jpg,complex
ea1ed5cd5add4108_fake_B.jpg,complex
d209528f2dde385e_fake_B.jpg,complex
85ee63732c8cf3c0_fake_B.jpg,complex
e287f603b5a101fd_fake_B.jpg,complex
809e3fc0cbac7c59_fake_B.jpg,complex
afcbd7a1c090d89a_fake_B.jpg,complex
c64730bc11fc31de_fake_B.jpg,complex
a4f5b7e235c2d444_fake_B.jpg,complex
84e8bcb5451d8f63_fake_B.jpg,complex
b03770fa364bc12d_fake_B.jpg,complex
c2b68e8dc1cf7524_fake_B.jpg,complex
d8c63a98cf26956a_fake_B.jpg,complex
ace0dce9ac4d748a_fake_B.jpg,complex
c94e41e8a3fc231f_fake_B.jpg,complex
e0c0d55eceecc26c_fake_B.jpg,complex
ab533e8d0a9c7079_fake_B.jpg,complex
d841903f5d9067dd_fake_B.jpg,complex
fdecd89c4a5225e0_fake_B.jpg,complex
b16797838b4965d4_fake_B.jpg,complex
f81e81303db46ed6_fake_B.jpg,complex
d40b9ded18bc206f_fake_B.jpg,complex
95bf5adf35348420_fake_B.jpg,complex
bcbb9819d98841eb_fake_B.jpg,complex
bc974520a691df2d_fake_B.jpg,complex
b4ab90aa4df4ef80_fake_B.jpg,complex
a14185a79fba15da_fake_B.jpg,complex
86eedf103f391a0a_fake_B.jpg,complex
ba94b49782df03f0_fake_B.jpg,complex
a583c1433a3b3b5b_fake_B.jpg,complex
d0d0229f1fc9295f_fake_B.jpg,complex
96b14bd8d361694b_fake_B.jpg,complex
a95ade521c733e11_fake_B.jpg,complex
95584a3a9f25e55a_fake_B.jpg,complex
9e8288fe9a2d6d29_fake_B.jpg,complex
aea7585af8e1c047_fake_B.jpg,complex
a857f057f08ade81_fake_B.jpg,complex
8ebc94969f1252d9_fake_B.jpg,complex
d0e3614b07a8faf4_fake_B.jpg,complex
efb104bd072e3d84_fake_B.jpg,complex
80eb96948bd68f9a_fake_B.jpg,complex
f42e9616cea370cc_fake_B.jpg,complex
e131be835b9c28f8_fake_B.jpg,complex
b67042d2cf9e9554_fake_B.jpg,complex
c4163a4b696b963b_fake_B.jpg,complex
90ee3bc6896517b8_fake_B.jpg,complex
aba995cb52207f26_fake_B.jpg,complex
eeafd41d08b03dc1_fake_B.jpg,complex
f780a50fbd6c00ee_fake_B.jpg,complex
c4b02738acfff0e0_fake_B.jpg,complex
94c526b29bb94aba_fake_B.jpg,complex
94c16e393d27707c_fake_B.jpg,complex
e28cd5ba5f516886_fake_B.jpg,complex
aca757918d942a76_fake_B.jpg,complex
96d1a52dac752237_fake_B.jpg,complex
d798342bf391c8c6_fake_B.jpg,complex
853275bbd0cd312d_fake_B.jpg,complex
c7c7272d70983a4e_fake_B.jpg,complex
aea5474bad36b290_fake_B.jpg,complex
f7d16829c4b68be0_fake_B.jpg,complex
d3ab78c50ca5a547_fake_B.jpg,complex
fc4b84cd99bd1930_fake_B.jpg,complex
acd58c4b65a533d1_fake_B.jpg,complex
d7db95a98fe02860_fake_B.jpg,complex
b672da80da924d97_fake_B.jpg,complex
eadad585daa0d09a_fake_B.jpg,complex
c4c64aee694496be_fake_B.jpg,complex
e52e953023d5daac_fake_B.jpg,complex
e191d1f81c7a2667_fake_B.jpg,complex
cdf0c29d31d92927_fake_B.jpg,complex
bf4390e5c9da2585_fake_B.jpg,complex
d0a1009ea59f6fd6_fake_B.jpg,complex
9360389668b6dcdd_fake_B.jpg,complex
f049c3a30edf3c98_fake_B.jpg,complex
aad05785b8a577e0_fake_B.jpg,complex
b40b87834a4fdb2e_fake_B.jpg,complex
aa25955e4b2960bf_fake_B.jpg,complex
9a2f3cd04f7fa082_fake_B.jpg,complex
fd1fc336507ba041_fake_B.jpg,complex
ceb9154e4b403a3f_fake_B.jpg,complex
84cd4a68b6b6ec8d_fake_B.jpg,complex
f693c3894fc63612_fake_B.jpg,complex
cdea993dece06830_fake_B.jpg,complex
f5a99a94159ad256_fake_B.jpg,complex
e810875b9cc9f58d_fake_B.jpg,complex
f53dc01296d82aed_fake_B.jpg,complex
e9dd83e4d20999a3_fake_B.jpg,complex
bda0edcb5e05f0a0_fake_B.jpg,complex
fcbef8849fd00e80_fake_B.jpg,complex
fc5cc3e249871c96_fake_B.jpg,complex
f4259813f6ee3870_fake_B.jpg,complex
e4e1c35e1e893656_fake_B.jpg,complex
a83bee3bc07e808d_fake_B.jpg,complex
d5e89b7c031b9652_fake_B.jpg,complex
d2b0d780fd0f7528_fake_B.jpg,complex
e7ba97c10ada618c_fake_B.jpg,complex
bebac09aebd881a1_fake_B.jpg,complex
c7379d49d16511a6_fake_B.jpg,complex
f5b1809b4c867c6e_fake_B.jpg,complex
d8bb3eb487689c84_fake_B.jpg,complex
f5ff87209ee10486_fake_B.jpg,complex
8ddaac1bd6c8cd0a_fake_B.jpg,complex
caafc5239ae33382_fake_B.jpg,complex
e121243e7e44ea6f_fake_B.jpg,complex
f7f4970198cdf088_fake_B.jpg,complex
86d098abcfe36235_fake_B.jpg,complex
cc4f857ad53138b8_fake_B.jpg,complex
fb61ea208e261f27_fake_B.jpg,complex
d0e9cb972d0e3664_fake_B.jpg,complex
94b78d183adc3b43_fake_B.jpg,complex
fdad80d016de1acc_fake_B.jpg,complex
8767cb83c5cfe006_fake_B.jpg,complex
a1da16f659309f1c_fake_B.jpg,complex
8e9e7eaa34250b71_fake_B.jpg,complex
fa952bc48883377a_fake_B.jpg,complex
fefec08fc001a1e9_fake_B.jpg,complex
c8ce8d2f1de23dc0_fake_B.jpg,complex
f48787c26d35a272_fake_B.jpg,complex
e087a7fe83c00acf_fake_B.jpg,complex
95f7ff5d0a1c0818_fake_B.jpg,complex
ea496d75342a52ba_fake_B.jpg,complex
da0c77d1c00bfcc3_fake_B.jpg,complex
90ca1673f19c8f63_fake_B.jpg,complex
dfeff4a88a901451_fake_B.jpg,complex
fcc4c4d2daf01bd0_fake_B.jpg,complex
87c6b5aaf1a65286_fake_B.jpg,complex
bde59b9680f3620c_fake_B.jpg,complex
adb4d2a0d2d7a2ca_fake_B.jpg,complex
90848dba978dbbe4_fake_B.jpg,complex
c1f374d78f40c827_fake_B.jpg,complex
c4bacf90a979344b_fake_B.jpg,complex
d48785c6958e26ed_fake_B.jpg,complex
a842f2a79696d6d4_fake_B.jpg,complex
96d969468ccd9565_fake_B.jpg,complex
dd343f9039037987_fake_B.jpg,complex
a26add35f4737005_fake_B.jpg,complex
950a346d0d36edda_fake_B.jpg,complex
a05ed4e25f2a8769_fake_B.jpg,complex
e08a8dc0efa6b267_fake_B.jpg,complex
c19f166c980d3ff0_fake_B.jpg,complex
94b26d8dc50d69bc_fake_B.jpg,complex
c2d48d955be6543c_fake_B.jpg,complex
e9bec748c8e1640f_fake_B.jpg,complex
a8ea950392f2cf17_fake_B.jpg,complex
aac590c782c7dada_fake_B.jpg,complex
9e20ef2a2179d89d_fake_B.jpg,complex
f8b1e1908a919d9f_fake_B.jpg,complex
bf6b249047c227ba_fake_B.jpg,complex
c89a4c8d729b945f_fake_B.jpg,complex
fffb900a92289a33_fake_B.jpg,complex
a5a4f4bac07f88d1_fake_B.jpg,complex
916680db8e1dff0c_fake_B.jpg,complex
905b6691423fc73d_fake_B.jpg,complex
a8ab965f868fc44c_fake_B.jpg,complex
a80785e0de8774b7_fake_B.jpg,complex
d09bc3f08f846e99_fake_B.jpg,complex
e4c81ce55c27dec1_fake_B.jpg,complex
a2aa865f870ded54_fake_B.jpg,complex
a8afb596d216d2a8_fake_B.jpg,complex
d0cf6727001c78df_fake_B.jpg,complex
ac934e91c73d226d_fake_B.jpg,complex
f31b83fb9383006e_fake_B.jpg,complex
d9ac30c5127e607f_fake_B.jpg,complex
f3a9c2952de1a49c_fake_B.jpg,complex
9054ff819960dcf6_fake_B.jpg,complex
fdcdcbca00af0496_fake_B.jpg,complex
af7df54ac0a80a74_fake_B.jpg,complex
fda5b5458a960f84_fake_B.jpg,complex
82b077dae06cab17_fake_B.jpg,complex
83cbdfdcc82c3c30_fake_B.jpg,complex
80cac5abcfa9c9b4_fake_B.jpg,complex
e04185a3df974fd0_fake_B.jpg,complex
beed80848d970e8f_fake_B.jpg,complex
badad2115ff12c81_fake_B.jpg,complex
e10fc3c0d8e7d874_fake_B.jpg,complex
d2f64d5827aa3a91_fake_B.jpg,complex
f4fcc34f4a074aa4_fake_B.jpg,complex
b5fc90d457c3220f_fake_B.jpg,complex
9036643e27ead7a8_fake_B.jpg,complex
c2152b766fc1d392_fake_B.jpg,complex
dde28ec3cf565404_fake_B.jpg,complex
89aedec411a5763a_fake_B.jpg,complex
b8a7129a2ff86cc1_fake_B.jpg,complex
9eea5a4f6d1c9098_fake_B.jpg,complex
fff020893e070f27_fake_B.jpg,complex
f020c3d2bde53c56_fake_B.jpg,complex
b5b00f6d794132d3_fake_B.jpg,complex
b49bcbb745e1d880_fake_B.jpg,complex
e0c5d6d6a9da41a9_fake_B.jpg,complex
d4cec6875eb4b034_fake_B.jpg,complex
c06b68cce36e1e55_fake_B.jpg,complex
c1fbb3e9824d9226_fake_B.jpg,complex
f495908f8f9e6560_fake_B.jpg,complex
d51782721d9f1c9a_fake_B.jpg,complex
ad17d11fe75a8450_fake_B.jpg,complex
8f2f6ec09516f145_fake_B.jpg,complex
f13a85309e971cda_fake_B.jpg,complex
ed34d4b492a69d0e_fake_B.jpg,complex
b7628746264daacd_fake_B.jpg,complex
fe7de0b423ea0704_fake_B.jpg,complex
d6f0d8cc232c9667_fake_B.jpg,complex
c1642e733803bf97_fake_B.jpg,complex
f9d88887603b372b_fake_B.jpg,complex
aaf071e247dfa806_fake_B.jpg,complex
d4b09efd7c98cc20_fake_B.jpg,complex
b625695a2ad416e7_fake_B.jpg,complex
ff05d2fc83e00e94_fake_B.jpg,complex
f415c4344dad3b8d_fake_B.jpg,complex
d5b995c761b00b33_fake_B.jpg,complex
f03f0ec0f009575f_fake_B.jpg,complex
d38b83d8c7b07730_fake_B.jpg,complex
89bae2da75769860_fake_B.jpg,complex
95a4c9cbdacb6a24_fake_B.jpg,complex
a1bcd3f88599ab82_fake_B.jpg,complex
a585ba8bd215d31b_fake_B.jpg,complex
f8f064c6bf1e240e_fake_B.jpg,complex
b4d282a54b5e555e_fake_B.jpg,complex
ca1ca74f8917e07c_fake_B.jpg,complex
d919d79a42d83b98_fake_B.jpg,complex
e0e1890ceb6e37b1_fake_B.jpg,complex
f8f383016dfe1682_fake_B.jpg,complex
98bfd5f08d00e0de_fake_B.jpg,complex
c01d37619ec3c96d_fake_B.jpg,complex
f82d8e95389ab269_fake_B.jpg,complex
b55f924949adab82_fake_B.jpg,complex
e9bce6d254130cab_fake_B.jpg,complex
a9c3c6a5c9a6ddc0_fake_B.jpg,complex
d09f8c6134b2d79a_fake_B.jpg,complex
f0724db01e45ef92_fake_B.jpg,complex
e1f0202edf1a4b79_fake_B.jpg,complex
b4c133dac13278eb_fake_B.jpg,complex
a46d9db84ba05d72_fake_B.jpg,complex
f0f496aa581b2b93_fake_B.jpg,complex
b0b96fe80f04d90f_fake_B.jpg,complex
eb9a953b42664a95_fake_B.jpg,complex
8e858c8397706b7b_fake_B.jpg,complex
c8cf137189e91f26_fake_B.jpg,complex
a80fc3b5cb3cd069_fake_B.jpg,complex
d199cd6534f42ea8_fake_B.jpg,complex
ac03cff3708c7b0c_fake_B.jpg,complex
b6d4aa39c9284f2b_fake_B.jpg,complex
fffb65761200b054_fake_B.jpg,complex
e761b89e928a4fc8_fake_B.jpg,complex
eea09f90979490de_fake_B.jpg,complex
a3cd86db4493bad0_fake_B.jpg,complex
eceb92d6d4910acc_fake_B.jpg,complex
fc4ac4ca2fa96c58_fake_B.jpg,complex
d4d1de93a9e15429_fake_B.jpg,complex
a52786f6ca82e0f9_fake_B.jpg,complex
e8b8e4da073f170c_fake_B.jpg,complex
a8a4de886bdd2715_fake_B.jpg,complex
fca7d5c43194603b_fake_B.jpg,complex
b5a7434d3d84369c_fake_B.jpg,complex
fc3cd01d8f281e55_fake_B.jpg,complex
90e939d6567f0391_fake_B.jpg,complex
fcc4c8fe30300dcf_fake_B.jpg,complex
fd85cdd0930e3338_fake_B.jpg,complex
ffc0e7c0c0c3f0ca_fake_B.jpg,complex
dc34c9e074f7a249_fake_B.jpg,complex
b4ba97508bd588e5_fake_B.jpg,complex
b2b7959195874d32_fake_B.jpg,complex
dc8e3cad1f59d840_fake_B.jpg,complex
ccbb367c5a6091cc_fake_B.jpg,complex
eff2de8b21a83142_fake_B.jpg,complex
abc52fcf94146c32_fake_B.jpg,complex
8af86da87ce164c6_fake_B.jpg,complex
dca3c4f19487f2c4_fake_B.jpg,complex
fa9fd0aa2a361aa1_fake_B.jpg,complex
c9938a5a5aa3e1a7_fake_B.jpg,complex
f6c5ca901f78b107_fake_B.jpg,complex
92e83ad88015df3f_fake_B.jpg,complex
89dc9838cad84b6f_fake_B.jpg,complex
a6bead715da150a4_fake_B.jpg,complex
bcb1c1caf7562a12_fake_B.jpg,complex
eb283c3f51526d15_fake_B.jpg,complex
881d35f9998dc317_fake_B.jpg,complex
89d12bd9a3678da2_fake_B.jpg,complex
f5b18011cbbb630f_fake_B.jpg,complex
ad13d14b4b6504f7_fake_B.jpg,complex
a56e9013fac1cb47_fake_B.jpg,complex
c0c8c7270f638f9e_fake_B.jpg,complex
ef8fc40c5c350af4_fake_B.jpg,complex
c1b0c5d526cc6aed_fake_B.jpg,complex
a64e4fce8cae4c54_fake_B.jpg,complex
811598a55ef8297f_fake_B.jpg,complex
e8228ba775ca955c_fake_B.jpg,complex
9b718db9041ce36e_fake_B.jpg,complex
adc01552eb5f7584_fake_B.jpg,complex
86719431e3db5635_fake_B.jpg,complex
ce5b7057c3259c1c_fake_B.jpg,complex
88f0d0d5de89b5c5_fake_B.jpg,complex
c8bc744ab65106bf_fake_B.jpg,complex
82ac2520151ffb7f_fake_B.jpg,complex
b085190f4fdaeaa9_fake_B.jpg,complex
c0ea339ff039d4b0_fake_B.jpg,complex
ea49343e4a49f555_fake_B.jpg,complex
f88b97d202faa790_fake_B.jpg,complex
dafc78c530769170_fake_B.jpg,complex
a9b665c8d285b1e5_fake_B.jpg,complex
955a96b5a95675a0_fake_B.jpg,complex
92a925c0f3ebe9e0_fake_B.jpg,complex
bcbfc0984f093764_fake_B.jpg,complex
db6067d944836ea3_fake_B.jpg,complex
b5d091894a3f6d72_fake_B.jpg,complex
fa3d80493502fd3e_fake_B.jpg,complex
ac8b4b9e475a9649_fake_B.jpg,complex
ac768bf5ea9410b8_fake_B.jpg,complex
dffc8fc0548f6028_fake_B.jpg,complex
d9b780e21ac3be19_fake_B.jpg,complex
d2a3052b4275b53f_fake_B.jpg,complex
fde5c0c3d2175225_fake_B.jpg,complex
8eb3b68893378387_fake_B.jpg,complex
f3ed97cd4aa09111_fake_B.jpg,complex
e2c88ea3f155399c_fake_B.jpg,complex
c0a3e1e98755fd44_fake_B.jpg,complex
ba7ab17add910183_fake_B.jpg,complex
cdca445c5e5d5a52_fake_B.jpg,complex
fced420fd88f8e80_fake_B.jpg,complex
9de438c9654b0af5_fake_B.jpg,complex
a9851297f85a6aad_fake_B.jpg,complex
976e1ec60dcb023d_fake_B.jpg,complex
c1902aafbcf83639_fake_B.jpg,complex
c9241964d0eddbd5_fake_B.jpg,complex
fe6dcb344dc804c9_fake_B.jpg,complex
e7569c8cc78e258a_fake_B.jpg,complex
a341f89f3139d760_fake_B.jpg,complex
ac84838d2d1ffae2_fake_B.jpg,complex
e51bd4d12d9de070_fake_B.jpg,complex
a7483bf6c895321e_fake_B.jpg,complex
cd703d877213e12b_fake_B.jpg,complex
bf4ad689c1ee4a44_fake_B.jpg,complex
c283666b8e6b6179_fake_B.jpg,complex
baa5b689749b5072_fake_B.jpg,complex
af82d210ccccdd79_fake_B.jpg,complex
ac55ead5d6a80e83_fake_B.jpg,complex
b5b39a09c9d8e4ca_fake_B.jpg,complex
f5788bfd301ea20a_fake_B.jpg,complex
fe57c0983120dbb3_fake_B.jpg,complex
c1fd2926bd52d825_fake_B.jpg,complex
c07ff0e7e6668188_fake_B.jpg,complex
a1b4259a7e5a4e69_fake_B.jpg,complex
fca7d2428baa9aa2_fake_B.jpg,complex
949a6a87356bc378_fake_B.jpg,complex
fc218587788f2b1e_fake_B.jpg,complex
96983d20c68fdbb2_fake_B.jpg,complex
bd679565d0a692b0_fake_B.jpg,complex
f0e1c69f98d11939_fake_B.jpg,complex
b47e86749a321d4b_fake_B.jpg,complex
d594839c6bed310b_fake_B.jpg,complex
85cfcf2c583026e7_fake_B.jpg,complex
b76b84406eb75545_fake_B.jpg,complex
e9308ada62c5d7e1_fake_B.jpg,complex
e0c2cba4ec5a2e9d_fake_B.jpg,complex
92fe73ca991d1984_fake_B.jpg,complex
add256ea152bb225_fake_B.jpg,complex
c9c9a42b9ae5e25c_fake_B.jpg,complex
ad65d0b4d592f491_fake_B.jpg,complex
a4fd8719595b6145_fake_B.jpg,complex
f82681962f8ed569_fake_B.jpg,complex
cfb54e1b11de221c_fake_B.jpg,complex
fd0ac195cf948792_fake_B.jpg,complex
be34c0cb668179a7_fake_B.jpg,complex
b0c19fcb826d6897_fake_B.jpg,complex
a1c2d09c7d387d65_fake_B.jpg,complex
ae85a8dd702717a3_fake_B.jpg,complex
e5ecc08a3c793873_fake_B.jpg,complex
83fc881f7353f026_fake_B.jpg,complex
e13ec07a0fa23e5a_fake_B.jpg,complex
fff4c0d2d2c202da_fake_B.jpg,complex
fc0fc85755b184b1_fake_B.jpg,complex
fcb820c81d15b72f_fake_B.jpg,complex
804e1eda54919fbb_fake_B.jpg,complex
a5d4d2a2cdc9c5a6_fake_B.jpg,complex
a9d4d30a05e590ff_fake_B.jpg,complex
a8c0747f0c9a63eb_fake_B.jpg,complex
daad25fa07c0b64a_fake_B.jpg,complex
d0e017d5e1ca478f_fake_B.jpg,complex
ef2884a55ed6e892_fake_B.jpg,complex
92878c3d6c99a9cb_fake_B.jpg,complex
cf600f10fb8d709e_fake_B.jpg,complex
dff562717a690602_fake_B.jpg,complex
fe70ee8410de7aa0_fake_B.jpg,complex
94b531898979f38b_fake_B.jpg,complex
ebacdd009d412aaf_fake_B.jpg,complex
ce1c2dac3192c737_fake_B.jpg,complex
ff909c85e83f20e4_fake_B.jpg,complex
a9e0d5e58f271e0a_fake_B.jpg,complex
81db1b3332a11b9f_fake_B.jpg,complex
dca525ea879c4a99_fake_B.jpg,complex
bd84d4dacaf8cb40_fake_B.jpg,complex
f758af92944f9282_fake_B.jpg,complex
cee20ab79a7342cc_fake_B.jpg,complex
8bf87605d2b3a323_fake_B.jpg,complex
d7b8c3c20f61389b_fake_B.jpg,complex
ec12d4f6c4246ba7_fake_B.jpg,complex
a99dc9166e12b479_fake_B.jpg,complex
b36cb29b649a6aa4_fake_B.jpg,complex
ce5590bd4e0e27c3_fake_B.jpg,complex
d7d416427afd8191_fake_B.jpg,complex
fcd495fab0c07a14_fake_B.jpg,complex
f479c0d24bd64c39_fake_B.jpg,complex
a0bd6f5e734272c0_fake_B.jpg,complex
d871274687d43eaa_fake_B.jpg,complex
fcead03661b53464_fake_B.jpg,complex
ffe030c2564a5557_fake_B.jpg,complex
d2aa52d331432b77_fake_B.jpg,complex
f58d7b3d04c2945a_fake_B.jpg,complex
fad8b41b8be108e5_fake_B.jpg,complex
a7c2efca8b1b882a_fake_B.jpg,complex
977b0ac19c1f50d9_fake_B.jpg,complex
ab6fc3f48c909495_fake_B.jpg,complex
c9a489dd79ce6826_fake_B.jpg,complex
c0791f49e0dee1b8_fake_B.jpg,complex
afcf958fcaca0109_fake_B.jpg,complex
f8ca9fa31a35212b_fake_B.jpg,complex
ac831d0baa3d7e70_fake_B.jpg,complex
83792db130b3b38b_fake_B.jpg,complex
d8bdc0dac17d0535_fake_B.jpg,complex
c7464e22bcfe1692_fake_B.jpg,complex
b78cce19967e041e_fake_B.jpg,complex
fbbbf09400ee06e4_fake_B.jpg,complex
bda4c88d1e5e3266_fake_B.jpg,complex
c1583d30e0e1d5f7_fake_B.jpg,complex
d595813ad012f1f7_fake_B.jpg,complex
feed807cde00f029_fake_B.jpg,complex
c1976d8b1f713930_fake_B.jpg,complex
90b29a6de5647627_fake_B.jpg,complex
d905e5c4aae0d5d3_fake_B.jpg,complex
f4ea0d4a8943e1fa_fake_B.jpg,complex
d433ca323d8a6b8b_fake_B.jpg,complex
9fcd0929d22d3353_fake_B.jpg,complex
93c23783c34bcb6a_fake_B.jpg,complex
a53ad564ad6aa50e_fake_B.jpg,complex
ffb16bd282f11520_fake_B.jpg,complex
cad1de4919e96133_fake_B.jpg,complex
c44bdb39929363ac_fake_B.jpg,complex
908fe0fa0f24fb1a_fake_B.jpg,complex
af28d6549b10c75b_fake_B.jpg,complex
da0775fd870855b0_fake_B.jpg,complex
918195f9481efab5_fake_B.jpg,complex
bc89929e6a596c35_fake_B.jpg,complex
8b6cd59f0edb9021_fake_B.jpg,complex
a8d0828ad4a7b5df_fake_B.jpg,complex
88e0ab8b0e7d7f0c_fake_B.jpg,complex
aecd941dde09e825_fake_B.jpg,complex
d36d368832c31c7b_fake_B.jpg,complex
b5b45a4a7b2f8069_fake_B.jpg,complex
8a57ba815538fce1_fake_B.jpg,complex
d05fe53538330dc9_fake_B.jpg,complex
e80584b49e725a7f_fake_B.jpg,complex
dd8194d82e1f4b27_fake_B.jpg,complex
dda12f3f81052d74_fake_B.jpg,complex
dc9174bd07b482ea_fake_B.jpg,complex
95960b8f4532787d_fake_B.jpg,complex
af5c1f91f272284a_fake_B.jpg,complex
fea394d7d86aa005_fake_B.jpg,complex
aaead5576f152510_fake_B.jpg,complex
833cad8178db251f_fake_B.jpg,complex
fc008749feeec740_fake_B.jpg,complex
e1e11785cf2a2f43_fake_B.jpg,complex
ee315d4c2ae3718c_fake_B.jpg,complex
e3949fb818373526_fake_B.jpg,complex
a3ecc1d5de9a5848_fake_B.jpg,complex
8282c0bddf3ecd4a_fake_B.jpg,complex
aa8afc4cc07d1f70_fake_B.jpg,complex
ebd095f2942d86d4_fake_B.jpg,complex
c6f83b8fc1607954_fake_B.jpg,complex
80acda383e3367cd_fake_B.jpg,complex
fc76db83488e223c_fake_B.jpg,complex
fcd081c98d0facb6_fake_B.jpg,complex
f0b632fe0fa581a8_fake_B.jpg,complex
ff98c1c88f47223c_fake_B.jpg,complex
bff0c4839189ccd9_fake_B.jpg,complex
d5cfbf484b606c41_fake_B.jpg,complex
feaae188cb5e4e20_fake_B.jpg,complex
aca7d4fa0b60de42_fake_B.jpg,complex
aba803af1fbca832_fake_B.jpg,complex
8ce4949ec3d22bb3_fake_B.jpg,complex
973896b94ba864c7_fake_B.jpg,complex
e4878b490915f6b7_fake_B.jpg,complex
84efc0807fee703a_fake_B.jpg,complex
83f7381b7cace01c_fake_B.jpg,complex
90f45f2e2d1e2789_fake_B.jpg,complex
b407d2af9b809f52_fake_B.jpg,complex
e84eeece07852a0f_fake_B.jpg,complex
edfc83c0c622705f_fake_B.jpg,complex
911e730db443f6c3_fake_B.jpg,complex
b26a4981bec98e6d_fake_B.jpg,complex
beb4618f31d86645_fake_B.jpg,complex
e51c80925f1bbf29_fake_B.jpg,complex
a11e3d631ec9c935_fake_B.jpg,complex
9d6a6499354e3197_fake_B.jpg,complex
887d138e3be39c61_fake_B.jpg,complex
8b94cbb0cd7cc570_fake_B.jpg,complex
e91d8517bcfe8182_fake_B.jpg,complex
bccb9208883b6f3b_fake_B.jpg,complex
bfa0b288de70a5c9_fake_B.jpg,complex
956291ca4b7ad758_fake_B.jpg,complex
cb661b6c82793e98_fake_B.jpg,complex
9d6acb154f9932c8_fake_B.jpg,complex
ffbd81e197614083_fake_B.jpg,complex
bdcebe640a2409fa_fake_B.jpg,complex
d2dac2f94b4d0d52_fake_B.jpg,complex
e3d4b18fe0f098e2_fake_B.jpg,complex
ad0f8d0a9acd68bc_fake_B.jpg,complex
9584a5f81bdb58c3_fake_B.jpg,complex
f7a6917c9b4c5444_fake_B.jpg,complex
a947c2a06f907f9c_fake_B.jpg,complex
d49e96f13096e11d_fake_B.jpg,complex
fe87a28b94b4945a_fake_B.jpg,complex
b1b0d1d8e9e514e6_fake_B.jpg,complex
f1e25223bc02be7a_fake_B.jpg,complex
abf6d2c60c612e99_fake_B.jpg,complex
b2999b69da846d98_fake_B.jpg,complex
a7a9e3478bc30356_fake_B.jpg,complex
c8d2da9a82c6e3ad_fake_B.jpg,complex
8dcad9e6c8b70a19_fake_B.jpg,complex
c1b87f90f03a3ab8_fake_B.jpg,complex
dbe6c080706d3dba_fake_B.jpg,complex
cf4e3215cb2c194f_fake_B.jpg,complex
8aa1674fda23c14f_fake_B.jpg,complex
e59598871a625fd2_fake_B.jpg,complex
879227cb50c57b3c_fake_B.jpg,complex
fc3b85b384eb0985_fake_B.jpg,complex
fc8507d0e89b22bb_fake_B.jpg,complex
faddc1888f880df8_fake_B.jpg,complex
f80e01ceec770da3_fake_B.jpg,complex
80b075dfc24bb725_fake_B.jpg,complex
c8232d72e49307df_fake_B.jpg,complex
cc8acc108fec6ddc_fake_B.jpg,complex
f09f82897e49158f_fake_B.jpg,complex
ad97b15bc8247670_fake_B.jpg,complex
ad2294b5cea33e13_fake_B.jpg,complex
fba18cb76c484b92_fake_B.jpg,complex
ab639551459966bc_fake_B.jpg,complex
c0176b2fed280afa_fake_B.jpg,complex
fca95370abb35510_fake_B.jpg,complex
8fc3b16e36d0aac8_fake_B.jpg,complex
c476c9ca6f302793_fake_B.jpg,complex
97c0d31d3c343b36_fake_B.jpg,complex
b5c492cb4ab56cb1_fake_B.jpg,complex
8dad7a6791407963_fake_B.jpg,complex
f8adc5153e9238e1_fake_B.jpg,complex
aa3e8240b4ebfc2b_fake_B.jpg,complex
fd3e84d412e996a1_fake_B.jpg,complex
c2528bb131c1f7cd_fake_B.jpg,complex
bab5a09b8751d459_fake_B.jpg,complex
d0d6039f8bb594e1_fake_B.jpg,complex
addf960808f0ade9_fake_B.jpg,complex
aa5af55fd8d52003_fake_B.jpg,complex
a9f2c2d48af254f1_fake_B.jpg,complex
c20b3ef620cbf326_fake_B.jpg,complex
e08f68db827fc14a_fake_B.jpg,complex
ebd7c6ea85640626_fake_B.jpg,complex
e1a1063f56635f4c_fake_B.jpg,complex
ea8e28cc62719fe2_fake_B.jpg,complex
fcfac0d10d0b8db8_fake_B.jpg,complex
8bd27e8d6124a5b3_fake_B.jpg,complex
acda9bf1552706a1_fake_B.jpg,complex
aea5d6d74a4a0d1a_fake_B.jpg,complex
e038e7709e6391cd_fake_B.jpg,complex
fba4c2c5a64b24da_fake_B.jpg,complex
8f2acfec7cc230c1_fake_B.jpg,complex
bfc202874def44e8_fake_B.jpg,complex
be0d85dcd8b81d38_fake_B.jpg,complex
aa4b86e5cc9624dd_fake_B.jpg,complex
f5cac164fac298e1_fake_B.jpg,complex
d7707b87601e9721_fake_B.jpg,complex
ca960d1e539717b1_fake_B.jpg,complex
d8e47368301ee6cb_fake_B.jpg,complex
a86997a59896c9da_fake_B.jpg,complex
e121d215c73b8e3b_fake_B.jpg,complex
c292bc3e8758ee61_fake_B.jpg,complex
87c2350afc10cbf7_fake_B.jpg,complex
faad33d4010fab29_fake_B.jpg,complex
ef842034d2fec791_fake_B.jpg,complex
ab4152a5ef4617ac_fake_B.jpg,complex
fcf180c5ed1f050b_fake_B.jpg,complex
b7b2569d230b4b64_fake_B.jpg,complex
cd0bce16308f732d_fake_B.jpg,complex
f90f41a4b6968e5c_fake_B.jpg,complex
c31b2b50f952b65a_fake_B.jpg,complex
bd2bd4f142d222cb_fake_B.jpg,complex
bbd435b325715941_fake_B.jpg,complex
fc3b8ea33390a21b_fake_B.jpg,complex
80a2c93fd2d9655d_fake_B.jpg,complex
b1d299c58197ea96_fake_B.jpg,complex
d11730c8c93576db_fake_B.jpg,complex
f7a093ad933c1b50_fake_B.jpg,complex
936f6194f11e835a_fake_B.jpg,complex
b143e06856e91bf3_fake_B.jpg,complex
d7806f2be4e1d0c3_fake_B.jpg,complex
d7d824eb48d7502e_fake_B.jpg,complex
edd4c1cb0f9d3428_fake_B.jpg,complex
9b850760797fb614_fake_B.jpg,complex
fc8d8d29251d16ae_fake_B.jpg,complex
8a62b42b56976baa_fake_B.jpg,complex
d02f94bc78826bd5_fake_B.jpg,complex
d5f4c6c2ec84b9a8_fake_B.jpg,complex
f469c3da0e5a1572_fake_B.jpg,complex
c1d58317fa8ccd0d_fake_B.jpg,complex
f2f982d1d2c7e340_fake_B.jpg,complex
d22bca926d9a7e60_fake_B.jpg,complex
93b38ee5a405357c_fake_B.jpg,complex
bdfd94811a303ab3_fake_B.jpg,complex
9584b36c8761fc66_fake_B.jpg,complex
839c2fcaf4c1668b_fake_B.jpg,complex
b4edc64aad1aac51_fake_B.jpg,complex
a9e49be6e38f4414_fake_B.jpg,complex
d5183f837846ef60_fake_B.jpg,complex
aa6fdfb645aa0288_fake_B.jpg,complex
bfde52b450412397_fake_B.jpg,complex
a5d8924f7fad18a0_fake_B.jpg,complex
8ba1f83ded8204eb_fake_B.jpg,complex
b699eb5b84d50a61_fake_B.jpg,complex
a4b5f2c2b4c42f1d_fake_B.jpg,complex
d0e04197af4b9d2d_fake_B.jpg,complex
f4e402c49407fde7_fake_B.jpg,complex
d4ffe0e04f52151c_fake_B.jpg,complex
a093875fde221877_fake_B.jpg,complex
c5fa3e29f0f0e105_fake_B.jpg,complex
82ee15ccbc7470cb_fake_B.jpg,complex
94a39b9e318d62d5_fake_B.jpg,complex
bf45907ecb106d49_fake_B.jpg,complex
f482c216cff5181f_fake_B.jpg,complex
efd43a64622b584e_fake_B.jpg,complex
e0c3e0a8fe49a957_fake_B.jpg,complex
fff9c005c2c738c2_fake_B.jpg,complex
c0368d6668ff209f_fake_B.jpg,complex
bf1149da12b7b950_fake_B.jpg,complex
da0fe22ace55d02e_fake_B.jpg,complex
a1a4cbcc32d51b73_fake_B.jpg,complex
a85bf529dea1e805_fake_B.jpg,complex
9c3f1c10ba54ed56_fake_B.jpg,complex
c2a8d74db00f35f8_fake_B.jpg,complex
ca94e990b5d2a6ea_fake_B.jpg,complex
a5af7042e0d4e1fc_fake_B.jpg,complex
ffc0d5c5973c9220_fake_B.jpg,complex
ef80753a1b853e07_fake_B.jpg,complex
fa96179690506c6f_fake_B.jpg,complex
c99d01f11f0636bb_fake_B.jpg,complex
f9fdc8c3a8422719_fake_B.jpg,complex
fe1cdcc88fe025e0_fake_B.jpg,complex
e4d4f69e9692b0a8_fake_B.jpg,complex
a5591a2a71b541ef_fake_B.jpg,complex
f47ac9cba0885aec_fake_B.jpg,complex
8eaeaea542a5217b_fake_B.jpg,complex
c0d298a9dace33b9_fake_B.jpg,complex
a5cbd287caa25571_fake_B.jpg,complex
af48970e99b8b0f2_fake_B.jpg,complex
9309d27bff962092_fake_B.jpg,complex
885738a643da6b5b_fake_B.jpg,complex
9f047ac44a6a1f6d_fake_B.jpg,complex
c88e88dd80f9bf51_fake_B.jpg,complex
e38c19a82ff16ae2_fake_B.jpg,complex
f0d03095d7b4d553_fake_B.jpg,complex
f9e583ba189352d2_fake_B.jpg,complex
bfb892d3d8ada500_fake_B.jpg,complex
a5bd419e4f60947c_fake_B.jpg,complex
956f3ad4c6a13493_fake_B.jpg,complex
e1b9cdf8344194d5_fake_B.jpg,complex
b9f0d0d0cad9c749_fake_B.jpg,complex
c0371be857ae29d8_fake_B.jpg,complex
ea57e41fc0fd00f0_fake_B.jpg,complex
e1c8758f970fca50_fake_B.jpg,complex
8d629dc09d0f2be9_fake_B.jpg,complex
f4abda38016aebc1_fake_B.jpg,complex
f845c39fce98a1a8_fake_B.jpg,complex
a0c994ca6b303dbf_fake_B.jpg,complex
b5c0c74edac6c2a5_fake_B.jpg,complex
fc9685e0b9634743_fake_B.jpg,complex
f8b2423fa570ee28_fake_B.jpg,complex
b740e716161e2d5d_fake_B.jpg,complex
d4cddef6003ab50c_fake_B.jpg,complex
cab5a730a79bc238_fake_B.jpg,complex
a5e170e283c3afc9_fake_B.jpg,complex
d0fdf6e5d8a81501_fake_B.jpg,complex
cf32c49a9eb4b18a_fake_B.jpg,complex
f4bf8ca7352050bc_fake_B.jpg,complex
a09f86e08fc5e03f_fake_B.jpg,complex
b9ad93daab836260_fake_B.jpg,complex
a5aad4d2bd9c6a21_fake_B.jpg,complex
f6a0c8934f4d91dc_fake_B.jpg,complex
b2969a8dca1bc51e_fake_B.jpg,complex
dd1f703673c05e30_fake_B.jpg,complex
a15597e8d8b0399e_fake_B.jpg,complex
b6da85c1cb3d2474_fake_B.jpg,complex
95458bae4d4c3f34_fake_B.jpg,complex
8b8b96c561331fac_fake_B.jpg,complex
adcad2aa52d57342_fake_B.jpg,complex
e833c7c11e9f7098_fake_B.jpg,complex
82c9939dd9c3e549_fake_B.jpg,complex
94adc09d958de497_fake_B.jpg,complex
f0db82e97aa534a4_fake_B.jpg,complex
ae29c411c0ff92f6_fake_B.jpg,complex
80707683b3df0f1b_fake_B.jpg,complex
ff837c9f82c8051c_fake_B.jpg,complex
fca994619de4e48a_fake_B.jpg,complex
c6211e96687bf662_fake_B.jpg,complex
fc899a1d24e447f8_fake_B.jpg,complex
85dd857129e5c6a6_fake_B.jpg,complex
a1adda96415274ed_fake_B.jpg,complex
95df116a2a61fc29_fake_B.jpg,complex
fba79b87838207e0_fake_B.jpg,complex
c8c5d76fc4e81742_fake_B.jpg,complex
fd800b9d58f12373_fake_B.jpg,complex
b5a7888e09cee987_fake_B.jpg,complex
92aa92758b9a71da_fake_B.jpg,complex
c2864cf04987fb9b_fake_B.jpg,complex
a9449c974c9f4cda_fake_B.jpg,complex
efe0202fa3c23ad3_fake_B.jpg,complex
b5a5c3869d951a5a_fake_B.jpg,complex
f02d8fa68dc5919c_fake_B.jpg,complex
f1c23b9c37f88432_fake_B.jpg,complex
e41d6b09a5f5934a_fake_B.jpg,complex
d480c5bd2f3e14f4_fake_B.jpg,complex
f909db508fe0867c_fake_B.jpg,complex
b388c19ac993ed8e_fake_B.jpg,complex
ef3096ecb2a0870f_fake_B.jpg,complex
b9f8254949ad6395_fake_B.jpg,complex
e3afc7600a2b0aeb_fake_B.jpg,complex
b4bb49412c83f8de_fake_B.jpg,complex
8ddaa5a5caa5caa8_fake_B.jpg,complex
88a7c93f86cb445b_fake_B.jpg,complex
b46f8b34ae308d8b_fake_B.jpg,complex
f0a0e9665b4e725c_fake_B.jpg,complex
e932d4897a9d1639_fake_B.jpg,complex
e2f2dd780d42d10f_fake_B.jpg,complex
ddb32d2784b29299_fake_B.jpg,complex
869c8acd737cc133_fake_B.jpg,complex
f8f40ffda042e2d0_fake_B.jpg,complex
e0d097d296dada89_fake_B.jpg,complex
d5c8c17998c57c87_fake_B.jpg,complex
fda682c3fb482332_fake_B.jpg,complex
abad92d6588a58cb_fake_B.jpg,complex
8a31aebdbc3e1132_fake_B.jpg,complex
f18f1fb0a0f4e3a0_fake_B.jpg,complex
f53c3194f8c390cb_fake_B.jpg,complex
be6dd6c0ded88508_fake_B.jpg,complex
dd9781df23b58520_fake_B.jpg,complex
c15d3d3ae123c547_fake_B.jpg,complex
fd1fa7f0040be03a_fake_B.jpg,complex
9898417d6f25b4b6_fake_B.jpg,complex
81b3f17d0c24ff03_fake_B.jpg,complex
9545afa1952a6e96_fake_B.jpg,complex
aef1c2828f5d3a64_fake_B.jpg,complex
c3261b5b949da897_fake_B.jpg,complex
f4878f8bc9303a53_fake_B.jpg,complex
880c3f24f0aec6df_fake_B.jpg,complex
dec8fae8f88f00e0_fake_B.jpg,complex
d4f822dcf48334e5_fake_B.jpg,complex
f0f80cc1788e71bd_fake_B.jpg,complex
d529da3799476aa0_fake_B.jpg,complex
80dcc12cc917ef5d_fake_B.jpg,complex
9b76398661307c5b_fake_B.jpg,complex
e196d28e25fc38c9_fake_B.jpg,complex
bd528d0a1ee0f2e3_fake_B.jpg,complex
a8b182b55ae3d26b_fake_B.jpg,complex
b4f892f53f4e2086_fake_B.jpg,complex
f24ec79648c39687_fake_B.jpg,complex
92bc6dc6e6328369_fake_B.jpg,complex
844295be3789c6bb_fake_B.jpg,complex
ace2bf9ee3990211_fake_B.jpg,complex
af7fe00025f5e740_fake_B.jpg,complex
ffb0d5d0c20b9c25_fake_B.jpg,complex
89287577168fe721_fake_B.jpg,complex
8476bd24bd4b89a5_fake_B.jpg,complex
cd3872109c36f5cb_fake_B.jpg,complex
b04d97255a1ef03e_fake_B.jpg,complex
ad1a99719a60d9a7_fake_B.jpg,complex
f4d2a1854dc56f49_fake_B.jpg,complex
928d4764bc96f22d_fake_B.jpg,complex
d16283e7e443a675_fake_B.jpg,complex
bd8292bb8fd808d9_fake_B.jpg,complex
aba960c94f4d0ceb_fake_B.jpg,complex
9484ebb59493bcc5_fake_B.jpg,complex
aed5de9548126c69_fake_B.jpg,complex
8f3b45ca0c71673c_fake_B.jpg,complex
aaa195d2d38a4b9d_fake_B.jpg,complex
b2c4f07e6c989476_fake_B.jpg,complex
ec9f40a0e64d1f66_fake_B.jpg,complex
c8aa2fc69c1dc9c5_fake_B.jpg,complex
c4c6682fbf124da9_fake_B.jpg,complex
e38ac19cde8b1c5a_fake_B.jpg,complex
b4f483545d875bc8_fake_B.jpg,complex
fd80e93dd87da050_fake_B.jpg,complex
a7cd94a5f320c34e_fake_B.jpg,complex
f48ba2ce9ad84955_fake_B.jpg,complex
a5ad64dfd3922312_fake_B.jpg,complex
dfe2326255b17870_fake_B.jpg,complex
b4bf74d534a0a34a_fake_B.jpg,complex
ff00e6605ec75887_fake_B.jpg,complex
a8ab97d0cf01ce35_fake_B.jpg,complex
ab5b91a992b56856_fake_B.jpg,complex
96d88e1f6a9e4986_fake_B.jpg,complex
a17bc38ef30438e3_fake_B.jpg,complex
d5c9d1b53ab0a54a_fake_B.jpg,complex
909f6e74909e6a6c_fake_B.jpg,complex
b1ca921e1bb6678a_fake_B.jpg,complex
d1403d7382ab1fb6_fake_B.jpg,complex
e968d6e6e89c8558_fake_B.jpg,complex
acf4801c98b8977f_fake_B.jpg,complex
a890d7cb1e7df030_fake_B.jpg,complex
bf24d933c0d88747_fake_B.jpg,complex
ffbd4286a134e8e0_fake_B.jpg,complex
d43419ca8a99bfc3_fake_B.jpg,complex
e31c65383896d793_fake_B.jpg,complex
aa239e9748deac68_fake_B.jpg,complex
fe09c996ad4f4624_fake_B.jpg,complex
e0e2d43ebc72c49a_fake_B.jpg,complex
ac3584527babd2d2_fake_B.jpg,complex
82c6a1c4de8f58bd_fake_B.jpg,complex
d0f01af67c6e6498_fake_B.jpg,complex
a0b515ca6905bf97_fake_B.jpg,complex
b4ea8f8c38f43166_fake_B.jpg,complex
949a6a9ad44a6f95_fake_B.jpg,complex
bbb0b0c00aedef85_fake_B.jpg,complex
df7492c2c4333387_fake_B.jpg,complex
835cc7a81f853c9d_fake_B.jpg,complex
c2c5f8f132927f18_fake_B.jpg,complex
90d349c987f42f1d_fake_B.jpg,complex
d9e0323233c70f3e_fake_B.jpg,complex
e53fdc724be05844_fake_B.jpg,complex
e032458d17e5bab5_fake_B.jpg,complex
e57042c3d79749ca_fake_B.jpg,complex
ab1ec5fe94483d88_fake_B.jpg,complex
b4f9fc044c25f4e4_fake_B.jpg,complex
fb7094dce92f5802_fake_B.jpg,complex
fa8a7aa901a50bee_fake_B.jpg,complex
ab46cb94089bb43f_fake_B.jpg,complex
bfbbbb8b830a4045_fake_B.jpg,complex
e0fad8ff45646406_fake_B.jpg,complex
892ac679d77095a9_fake_B.jpg,complex
ff25803a1b1a65c7_fake_B.jpg,complex
e1efc41c2a2ae96c_fake_B.jpg,complex
d45bc4df1c25612d_fake_B.jpg,complex
e1cb9dd81a916327_fake_B.jpg,complex
e91f41882c0f3d5f_fake_B.jpg,complex
bdafe8a7806110f5_fake_B.jpg,complex
a9d282fa8bc135ad_fake_B.jpg,complex
9d9d4a4b97168e8a_fake_B.jpg,complex
dbf191ab6465a0a5_fake_B.jpg,complex
ef0e87a0da86e19a_fake_B.jpg,complex
9554e9c0873b0d7b_fake_B.jpg,complex
c9f53f056a9c268c_fake_B.jpg,complex
fd6a912152abc2ab_fake_B.jpg,complex
f556c0f5c0c38cc7_fake_B.jpg,complex
f324df8f4c9c4990_fake_B.jpg,complex
852b4e943d69cb55_fake_B.jpg,complex
e0a9d2c1ba4d1bbc_fake_B.jpg,complex
d02b1390df930fb3_fake_B.jpg,complex
dfcd1a844cf2c89a_fake_B.jpg,complex
e4ccc4951bf3e0c6_fake_B.jpg,complex
8bb436809f15e5cd_fake_B.jpg,complex
a9be91d69a43e981_fake_B.jpg,complex
f5ad808b9f367070_fake_B.jpg,complex
a1e2c39f995f1503_fake_B.jpg,complex
a7b91490d7de5a82_fake_B.jpg,complex
d5614ade2f30c947_fake_B.jpg,complex
a18e9b0d487664f7_fake_B.jpg,complex
c03d9fd10dc13f1c_fake_B.jpg,complex
c39b006c6774a767_fake_B.jpg,complex
802b59956a7aa5e7_fake_B.jpg,complex
f3da88746ba604ad_fake_B.jpg,complex
ef8e85ee86c4460d_fake_B.jpg,complex
ad377f20e0ca52a5_fake_B.jpg,complex
c3e5f0d4d2b183a3_fake_B.jpg,complex
edd6bc2177002f15_fake_B.jpg,complex
bca549a55c14e2de_fake_B.jpg,complex
e13d47d230cf98b4_fake_B.jpg,complex
9ef144c9da1a616d_fake_B.jpg,complex
95949e03e9653976_fake_B.jpg,complex
e5ac9c05f197471a_fake_B.jpg,complex
fead89b0cc4b4c07_fake_B.jpg,complex
95f001e87e7562e3_fake_B.jpg,complex
faaa83b7f029445a_fake_B.jpg,complex
a898958f5afee824_fake_B.jpg,complex
f73c821bc0f81fb0_fake_B.jpg,complex
97b0c3906729d7a5_fake_B.jpg,complex
ef3585f7d88281c8_fake_B.jpg,complex
a97095859e9e2e9a_fake_B.jpg,complex
f4c8854a8a9e5f8d_fake_B.jpg,complex
f18e0b84e99c23bd_fake_B.jpg,complex
ee8784d5deca8c88_fake_B.jpg,complex
fc9cc939396360c5_fake_B.jpg,complex
fd99c9c11e077039_fake_B.jpg,complex
c2af619cb9093acd_fake_B.jpg,complex
a9a3d96a3435b24b_fake_B.jpg,complex
afc0d4dadac0c9c5_fake_B.jpg,complex
85c9485b3c97efc0_fake_B.jpg,complex
ad43d2868af552ce_fake_B.jpg,complex
8d1fca964b98453d_fake_B.jpg,complex
c258c0979eb9f075_fake_B.jpg,complex
b527f2640fcd181e_fake_B.jpg,complex
a7c9981fcfb090cc_fake_B.jpg,complex
fae070c0a2c0bfed_fake_B.jpg,complex
fb64b2c14d21fe12_fake_B.jpg,complex
a4e1aa203ff44a5f_fake_B.jpg,complex
daefc1c8905f8139_fake_B.jpg,complex
f59ac1c587cd190e_fake_B.jpg,complex
8ab0e7d97708718e_fake_B.jpg,complex
b0f5970d394c6972_fake_B.jpg,complex
b4e65618b31ea8ad_fake_B.jpg,complex
f0e98f8d8898ed98_fake_B.jpg,complex
c1c6cccfe4cf144c_fake_B.jpg,complex
f0583c74c1c0edaf_fake_B.jpg,complex
c5cfa16193c3993c_fake_B.jpg,complex
aab5915e14fcc8e1_fake_B.jpg,complex
f1c41fc3e083c7e1_fake_B.jpg,complex
c0ff0092ef6a85ae_fake_B.jpg,complex
e4e99ab485b9aa2a_fake_B.jpg,complex
c7669eb11b1a3b18_fake_B.jpg,complex
efe1c2fb8100d88f_fake_B.jpg,complex
8a86d49f916a2b6d_fake_B.jpg,complex
c08796959992db9b_fake_B.jpg,complex
f818dccb1e85069f_fake_B.jpg,complex
fb3ff1824d4d4421_fake_B.jpg,complex
a9e89496bfda484a_fake_B.jpg,complex
e2e7c25c9c9ac0cb_fake_B.jpg,complex
da9dc8a68b2b82b6_fake_B.jpg,complex
97c0b0da91cbcb53_fake_B.jpg,complex
f9aeeb94d2104395_fake_B.jpg,complex
94a99387cd1a2dd3_fake_B.jpg,complex
aaa867b9a370702f_fake_B.jpg,complex
e871c3ced550aaaa_fake_B.jpg,complex
ae5a9cdadeb10033_fake_B.jpg,complex
98d2ed0b33c866d9_fake_B.jpg,complex
e1c78e90f81b53e8_fake_B.jpg,complex
c20ccb96a5ebb239_fake_B.jpg,complex
e0c45ec7e48df01b_fake_B.jpg,complex
db9bc3e6711a2c30_fake_B.jpg,complex
f886d282f99a419f_fake_B.jpg,complex
d9760ec07bce7109_fake_B.jpg,complex
dc0acfe53c673190_fake_B.jpg,complex
bc0ad0f8db49a8ad_fake_B.jpg,complex
ea93ca9281f0f2ae_fake_B.jpg,complex
eca651f0b38bda50_fake_B.jpg,complex
9c3684213b2f0fdd_fake_B.jpg,complex
b53ecb92c4ba7144_fake_B.jpg,complex
95bdcf7ca7520310_fake_B.jpg,complex
e09ac80d3f473eac_fake_B.jpg,complex
ffa8d5410c2f454d_fake_B.jpg,complex
88ea3ab4e8dc0f39_fake_B.jpg,complex
879cca9598966976_fake_B.jpg,complex
be828085cbce5e5d_fake_B.jpg,complex
c08eb5c5b7953c98_fake_B.jpg,complex
a8509fbb13132577_fake_B.jpg,complex
e0bae1b8ca2a58e7_fake_B.jpg,complex
86ed9631b7698523_fake_B.jpg,complex
c58c8bc03ec362fd_fake_B.jpg,complex
dc982c9cff289742_fake_B.jpg,complex
b8fcdeb458998095_fake_B.jpg,complex
819e38358d32cf2f_fake_B.jpg,complex
fcf0ca170ff00c2b_fake_B.jpg,complex
c341e1c71db9f071_fake_B.jpg,complex
8d3ce3d6918b6c15_fake_B.jpg,complex
aaa9d194cbd69ac8_fake_B.jpg,complex
fe2fa8e63c470033_fake_B.jpg,complex
ea99c53b6e58e0c8_fake_B.jpg,complex
b0a486d6d05ec93f_fake_B.jpg,complex
bd608e2fcf26209e_fake_B.jpg,complex
aa7280a09ed72fda_fake_B.jpg,complex
f837fd305881472e_fake_B.jpg,complex
f72d2b1b007f9483_fake_B.jpg,complex
a484c1ca4bfdad2d_fake_B.jpg,complex
8bd39bca890ced49_fake_B.jpg,complex
af22956d94707a9a_fake_B.jpg,complex
ed8cd40a5275f0d5_fake_B.jpg,complex
fd1a9a3f83708331_fake_B.jpg,complex
d8f61b9a34d4b42a_fake_B.jpg,complex
afcaf512894cca63_fake_B.jpg,complex
80a4c7f6ad9a55d8_fake_B.jpg,complex
e2c7f7cde091e402_fake_B.jpg,complex
c1df1a3d30bc9398_fake_B.jpg,complex
a0b0b291413fe5bf_fake_B.jpg,complex
f497879797b06109_fake_B.jpg,complex
be6a963f8a90059b_fake_B.jpg,complex
b485c2549f74347b_fake_B.jpg,complex
feb401c5bd17514a_fake_B.jpg,complex
b0d9c859ec2936ba_fake_B.jpg,complex
8ae594d3d96f4548_fake_B.jpg,complex
bf2c9268d8875db0_fake_B.jpg,complex
9251be621fa5550f_fake_B.jpg,complex
c3b7cec20edcc438_fake_B.jpg,complex
c1e23fd761222b39_fake_B.jpg,complex
fdd2d30b8f1c2861_fake_B.jpg,complex
a0e0c3f71d0738de_fake_B.jpg,complex
a4f2525cb6bae942_fake_B.jpg,complex
ee9ada483c338ec2_fake_B.jpg,complex
decdca96ec0b8416_fake_B.jpg,complex
d44a94353a5337ab_fake_B.jpg,complex
83923a75e5c70e2e_fake_B.jpg,complex
a0b617038aa5dded_fake_B.jpg,complex
a97f90e197e113c1_fake_B.jpg,complex
ac7287172a8f75d0_fake_B.jpg,complex
ccbc3593c71ce226_fake_B.jpg,complex
d9a3c996b2b16532_fake_B.jpg,complex
fd07c53ef02027ca_fake_B.jpg,complex
cd8663d9c344aeaa_fake_B.jpg,complex
922f0ad59f43588f_fake_B.jpg,complex
886b94d5d99655aa_fake_B.jpg,complex
dcf87ad164a74642_fake_B.jpg,complex
a7ebeb6bc3410514_fake_B.jpg,complex
94c350bfec80bf2c_fake_B.jpg,complex
c5691ba1c2975b3a_fake_B.jpg,complex
91436bb324d9f3c1_fake_B.jpg,complex
aa97de4ae12351e2_fake_B.jpg,complex
943bc329d464c96f_fake_B.jpg,complex
89965ab9a74ed0a5_fake_B.jpg,complex
d06a91673ec42ad7_fake_B.jpg,complex
81ea6b2592e69697_fake_B.jpg,complex
c8fa8e8b9ab0b685_fake_B.jpg,complex
f875d06c1ae9a0b5_fake_B.jpg,complex
a09dc2c08fcf2f6c_fake_B.jpg,complex
a3f71324666c44bd_fake_B.jpg,complex
b43595eb614d5236_fake_B.jpg,complex
9721dae38f33e4c0_fake_B.jpg,complex
a8c4d287db3f3815_fake_B.jpg,complex
deef9a7818684187_fake_B.jpg,complex
8b8c7565dcd0f960_fake_B.jpg,complex
f41aea6d89a896b2_fake_B.jpg,complex
b475c2be8df48f00_fake_B.jpg,complex
874a7954c7696aa5_fake_B.jpg,complex
8dd6208b3ae54b4f_fake_B.jpg,complex
9ccf708985967f09_fake_B.jpg,complex
80e2c3d2afc9782f_fake_B.jpg,complex
82dc2fe996bd420b_fake_B.jpg,complex
f8de0a0a7a7a1633_fake_B.jpg,complex
af21c6a68fca5c49_fake_B.jpg,complex
f4ee897b8670162c_fake_B.jpg,complex
a57f9e7e8b008583_fake_B.jpg,complex
a50fc93c6568aba9_fake_B.jpg,complex
ad0985c9d743dc56_fake_B.jpg,complex
855d9ab1c98b6d0d_fake_B.jpg,complex
ab92953ec2e16d61_fake_B.jpg,complex
ad601692d6d9b36a_fake_B.jpg,complex
a3e7d4c651aa40f5_fake_B.jpg,complex
a5d392d9536da550_fake_B.jpg,complex
b0dfe06b847e8b60_fake_B.jpg,complex
bfe8c0ec4ac5c552_fake_B.jpg,complex
f99790d2834b0e79_fake_B.jpg,complex
f283cbd0bc086f55_fake_B.jpg,complex
bcfc6f9240a60baa_fake_B.jpg,complex
c5fa035877a02b57_fake_B.jpg,complex
e0ca752b3ea47332_fake_B.jpg,complex
b42d4b9a42d9b36a_fake_B.jpg,complex
a4bba492959553ad_fake_B.jpg,complex
e0c369127b26bd36_fake_B.jpg,complex
fd25c3700f51c8f2_fake_B.jpg,complex
cc8b33b424376dd4_fake_B.jpg,complex
f0bf78e00f878728_fake_B.jpg,complex
fcfada8b826a80ca_fake_B.jpg,complex
df8262379b782c26_fake_B.jpg,complex
c9938c1d3ae6b3a1_fake_B.jpg,complex
a05587dd535c2b6a_fake_B.jpg,complex
fee9004d1f3d68a2_fake_B.jpg,complex
eeebd59c90c850c9_fake_B.jpg,complex
cfe10c3494e7d0f8_fake_B.jpg,complex
aaa8f1a0bb55d4b2_fake_B.jpg,complex
afc09fc642e16b23_fake_B.jpg,complex
bd95d1c84bc82557_fake_B.jpg,complex
dec97832a9e2d246_fake_B.jpg,complex
80a7cecb3616b633_fake_B.jpg,complex
d1dd4939b461889f_fake_B.jpg,complex
c4310f623b1cbcaf_fake_B.jpg,complex
d76a39826033bcce_fake_B.jpg,complex
bffb10816192a1fa_fake_B.jpg,complex
e0ffd0f9c1e14445_fake_B.jpg,complex
a1711f853583873f_fake_B.jpg,complex
871bbbd18a4560e7_fake_B.jpg,complex
fd24ca4ac9ca8aae_fake_B.jpg,complex
d2b82feb78ec8d00_fake_B.jpg,complex
b4c1d8ca0d7eee30_fake_B.jpg,complex
f520b50fab986396_fake_B.jpg,complex
ccbf3e4341d4a1ca_fake_B.jpg,complex
d6d64267361e15ac_fake_B.jpg,complex
da143dc39eb0e235_fake_B.jpg,complex
dccb2d9522d22d69_fake_B.jpg,complex
f37e03811c8e7e98_fake_B.jpg,complex
ebaedb4088c13477_fake_B.jpg,complex
ab8357a11b1cb05f_fake_B.jpg,complex
e4672339189e6cec_fake_B.jpg,complex
fdf1ca21cf1a4a12_fake_B.jpg,complex
adab04d72c8fe0d8_fake_B.jpg,complex
fdcad089ca453e94_fake_B.jpg,complex
bba5c1fe8401f20f_fake_B.jpg,complex
e001d24f6f3e74a9_fake_B.jpg,complex
a49d9e8c4936a573_fake_B.jpg,complex
90f66fcb38258bb0_fake_B.jpg,complex
8f212597df6822ea_fake_B.jpg,complex
b43f9094d89a3bc9_fake_B.jpg,complex
c985fdd1c45d9c11_fake_B.jpg,complex
c2249ada9d6cc59e_fake_B.jpg,complex
8e82b1a51bd11afe_fake_B.jpg,complex
fbe693340acbe211_fake_B.jpg,complex
930d4dda501fcf91_fake_B.jpg,complex
c2f02f8631c63ee3_fake_B.jpg,complex
b0bfc2bc9b8b0985_fake_B.jpg,complex
fd62a1c2aa8d62cd_fake_B.jpg,complex
f4bd967a98c54984_fake_B.jpg,complex
94282376ca4dbd3d_fake_B.jpg,complex
a7d2a3c2cab51f30_fake_B.jpg,complex
ff98c23ce05364e2_fake_B.jpg,complex
998069d4d84aebed_fake_B.jpg,complex
df1b49c511ebb105_fake_B.jpg,complex
86c23c9f9468cee3_fake_B.jpg,complex
d8e06f8be4cc8726_fake_B.jpg,complex
b55fa02ad0217a77_fake_B.jpg,complex
87fa4e55a529a2e2_fake_B.jpg,complex
da9bcaa9a6d088c7_fake_B.jpg,complex
f8a5c18a4fd423e5_fake_B.jpg,complex
e729c583cc1ff0d0_fake_B.jpg,complex
8860f8269d2f9d2f_fake_B.jpg,complex
9f2174f703ca3961_fake_B.jpg,complex
cb668b3b194bb1c8_fake_B.jpg,complex
badab56ac12a5a54_fake_B.jpg,complex
efa4c77ade648021_fake_B.jpg,complex
cf897e3e0d91b038_fake_B.jpg,complex
dbb0ff8bd023218c_fake_B.jpg,complex
e817d5705889c8fd_fake_B.jpg,complex
937781c0768365be_fake_B.jpg,complex
947b8bb6642d3551_fake_B.jpg,complex
b5e1ca9e66844b59_fake_B.jpg,complex
aeab95849b8a8f49_fake_B.jpg,complex
b6fb9252d88e0f05_fake_B.jpg,complex
f8914f671cda90c6_fake_B.jpg,complex
87a7d1d8e4d65254_fake_B.jpg,complex
a2213aae7f86658e_fake_B.jpg,complex
e3f2cb9e18612c69_fake_B.jpg,complex
8572916f59a569b2_fake_B.jpg,complex
9dd6e871109407ef_fake_B.jpg,complex
957e6b8d31c42e58_fake_B.jpg,complex
ad864aca4ad57695_fake_B.jpg,complex
fa8bc0adc6458f61_fake_B.jpg,complex
e3aaa4904bedd629_fake_B.jpg,complex
eac7941c9815c8fb_fake_B.jpg,complex
fba4dc930093135f_fake_B.jpg,complex
c536ddcc38c126d5_fake_B.jpg,complex
fd95c0d0784a7571_fake_B.jpg,complex
ed0778000fe5c7f2_fake_B.jpg,complex
a9b3946aa56cb2cc_fake_B.jpg,complex
fcc29a2fcc761892_fake_B.jpg,complex
ba4a93858b9acccd_fake_B.jpg,complex
fac9820b9f6a4527_fake_B.jpg,complex
83099a75b92a72af_fake_B.jpg,complex
c8a83ed8f09e12de_fake_B.jpg,complex
b17ec1241ac734cf_fake_B.jpg,complex
aaddd2e9d14482ae_fake_B.jpg,complex
f8d5527b8f0200fe_fake_B.jpg,complex
c8966548df21573d_fake_B.jpg,complex
b505c7a5e0db0da3_fake_B.jpg,complex
fae9d84a5ef42430_fake_B.jpg,complex
c7c7d058d9c38556_fake_B.jpg,complex
f16b9b7874302e4a_fake_B.jpg,complex
90ee3bc4cc3d1b16_fake_B.jpg,complex
cf031178cc79b8a7_fake_B.jpg,complex
85f59fcc60bcc701_fake_B.jpg,complex
a98184e55ae38fcb_fake_B.jpg,complex
a0f9a52c45ec656b_fake_B.jpg,complex
a869d4359a3651d7_fake_B.jpg,complex
c386c3c7eba90d43_fake_B.jpg,complex
fd05b53c117bc24a_fake_B.jpg,complex
b5e2d24f1a546ba2_fake_B.jpg,complex
b55348c3b53ca95c_fake_B.jpg,complex
ab6b9425dd34ca92_fake_B.jpg,complex
bbe081cb0faf3c0c_fake_B.jpg,complex
e938a837168578ed_fake_B.jpg,complex
e28e3df0a91d153a_fake_B.jpg,complex
ac4bc4a9ff38d144_fake_B.jpg,complex
fd92f8d4cae64422_fake_B.jpg,complex
85f03e6f8186ac9e_fake_B.jpg,complex
faf0bdea81b8a181_fake_B.jpg,complex
853fb699a1810dbb_fake_B.jpg,complex
cfc92c78b0b1a1cb_fake_B.jpg,complex
b0c34f4e89817bb3_fake_B.jpg,complex
ed4510f98b88ef85_fake_B.jpg,complex
b0ead21b6f6827a4_fake_B.jpg,complex
ad71c0dd3155a19b_fake_B.jpg,complex
d0bfc091dbf428d8_fake_B.jpg,complex
aef386c05ace31ac_fake_B.jpg,complex
fa96105d4969ab78_fake_B.jpg,complex
a5697ad4da605a6c_fake_B.jpg,complex
e43feaa1964543ac_fake_B.jpg,complex
aaa35ea95caa295a_fake_B.jpg,complex
a4939c0572f6e0db_fake_B.jpg,complex
dd4b32bd8634529c_fake_B.jpg,complex
da923aef61898dc8_fake_B.jpg,complex
cab739e78299d08a_fake_B.jpg,complex
e2788abb3f705215_fake_B.jpg,complex
f08f1872e639515b_fake_B.jpg,complex
e85e6d3af03187c4_fake_B.jpg,complex
f2e4ed29aa4a2d1a_fake_B.jpg,complex
ad352a859eab01eb_fake_B.jpg,complex
966555a24295b75b_fake_B.jpg,complex
c08f78701497ff54_fake_B.jpg,complex
f5db2874139c47c1_fake_B.jpg,complex
bff715fecaa08200_fake_B.jpg,complex
bf1bcd90be05322c_fake_B.jpg,complex
85e7c7ef8a0095b2_fake_B.jpg,complex
828fc0dc4fe230f7_fake_B.jpg,complex
c73b2f80b62f90e2_fake_B.jpg,complex
aad382d5d3a3662a_fake_B.jpg,complex
fcff07c6e0c0cc03_fake_B.jpg,complex
b4ccd242496765af_fake_B.jpg,complex
aa6ad395fc197205_fake_B.jpg,complex
9e65bc327c19d229_fake_B.jpg,complex
a59d4c9364e99e54_fake_B.jpg,complex
cf7891ca13dbe980_fake_B.jpg,complex
9b1667817e72266c_fake_B.jpg,complex
f19fc7c782910d1a_fake_B.jpg,complex
a3ecfe85f0d23680_fake_B.jpg,complex
83913a1464ed6b7b_fake_B.jpg,complex
aba055a8d25fbd41_fake_B.jpg,complex
eacf27a45015cb3a_fake_B.jpg,complex
bc2482f08df32dcb_fake_B.jpg,complex
af31d6b348d32549_fake_B.jpg,complex
b86388dfce2e2c54_fake_B.jpg,complex
dadf676474f08203_fake_B.jpg,complex
fcc7a41ec2b013e9_fake_B.jpg,complex
89ea1631ecac73c9_fake_B.jpg,complex
f02787c25f5f043c_fake_B.jpg,complex
dd6ac9d79931023c_fake_B.jpg,complex
d08fc33fe44a57c0_fake_B.jpg,complex
8db3c8abe2745554_fake_B.jpg,complex
c0993f636f1c342e_fake_B.jpg,complex
e8bf851f8bec0298_fake_B.jpg,complex
d0783ec96abc4a4d_fake_B.jpg,complex
e86e95c92d24359e_fake_B.jpg,complex
ead56388448a5fdc_fake_B.jpg,complex
8f236f8637419e29_fake_B.jpg,complex
d8c219bec9f4c11d_fake_B.jpg,complex
a5f8c4c14e873ccb_fake_B.jpg,complex
deb6000a27eb75d8_fake_B.jpg,complex
c8e822eb7e127536_fake_B.jpg,complex
851a8338f80fe6eb_fake_B.jpg,complex
dbac41517c2aae65_fake_B.jpg,complex
a5d187533e72a82d_fake_B.jpg,complex
a8a8d086af9f4f1a_fake_B.jpg,complex
ad908e7989ec6536_fake_B.jpg,complex
9907d4c9ca9b525e_fake_B.jpg,complex
b0facbce5b3c2430_fake_B.jpg,complex
f26cc934c4e0ee17_fake_B.jpg,complex
ca9a899bff0130ab_fake_B.jpg,complex
b0c4cbe534195fe8_fake_B.jpg,complex
f5b5e144cb0c44fc_fake_B.jpg,complex
a53ac6a4da57e198_fake_B.jpg,complex
fe94f28ac0fe81a4_fake_B.jpg,complex
f460c3a787df5805_fake_B.jpg,complex
d4f0f174b13520b7_fake_B.jpg,complex
97f3cad16524509b_fake_B.jpg,complex
b74bb04fe9a4445a_fake_B.jpg,complex
a29d9538d87dcc25_fake_B.jpg,complex
c89a36342ee0ff98_fake_B.jpg,complex
85c06fa14595979f_fake_B.jpg,complex
a1d196b94b8f6d60_fake_B.jpg,complex
c0d91da6b3b891cd_fake_B.jpg,complex
b23b44a91ad60bfc_fake_B.jpg,complex
fcb5d8a488cc438f_fake_B.jpg,complex
995e63329a5a4e56_fake_B.jpg,complex
e3a90f126055e73e_fake_B.jpg,complex
f43ccf82c94ec3a1_fake_B.jpg,complex
feb7eaf570008681_fake_B.jpg,complex
a4dc8f289e77502d_fake_B.jpg,complex
da2138dec0ca657e_fake_B.jpg,complex
dbcc2cc228963aeb_fake_B.jpg,complex
be91c1e9c287a7c2_fake_B.jpg,complex
a6da5ca66ab48aac_fake_B.jpg,complex
cd9225b22dd6e38c_fake_B.jpg,complex
d9d883d01f32393e_fake_B.jpg,complex
ed21c98b008df2fd_fake_B.jpg,complex
bf93801bb0aad24f_fake_B.jpg,complex
cde5e94ad1c88b8a_fake_B.jpg,complex
e0f2e1d7860f8e98_fake_B.jpg,complex
fd8dc00e8576eea0_fake_B.jpg,complex
d2bd8e9c3cc8a50e_fake_B.jpg,complex
85edd994308a6f65_fake_B.jpg,complex
b4ef43cb56216c34_fake_B.jpg,complex
c18597edca943b16_fake_B.jpg,complex
c73f27908e418ce7_fake_B.jpg,complex
c9813f82f2df1c89_fake_B.jpg,complex
c0377614f870c35f_fake_B.jpg,complex
fc651d63c90d322e_fake_B.jpg,complex
a09c879c4e25bee3_fake_B.jpg,complex
c5ee6a66eca4425c_fake_B.jpg,complex
d2fcd6c41a566836_fake_B.jpg,complex
bd87e086a083fd2b_fake_B.jpg,complex
f1add540ca8a6f92_fake_B.jpg,complex
a368de0a46a558fb_fake_B.jpg,complex
f4c5db81692b269a_fake_B.jpg,complex
e93f50d4590c87f1_fake_B.jpg,complex
d54a6887653e273c_fake_B.jpg,complex
d2e1930c1bf238f3_fake_B.jpg,complex
d7c3e18f85c88e54_fake_B.jpg,complex
a6b186da2b6f3512_fake_B.jpg,complex
e1bb93ab92825ac6_fake_B.jpg,complex
b5956a6d24472b0f_fake_B.jpg,complex
c78e37e386c98989_fake_B.jpg,complex
f5b497990e5f0464_fake_B.jpg,complex
90ece9d647c23ca6_fake_B.jpg,complex
a9f6cc1f46c8d1c1_fake_B.jpg,complex
a0d8d2994ded261f_fake_B.jpg,complex
b49ae1e17f88945c_fake_B.jpg,complex
b46f82e48fc03ce3_fake_B.jpg,complex
ac8fcb9d84ee4454_fake_B.jpg,complex
ea36ea5c4d9552a1_fake_B.jpg,complex
e1f393bdd810701d_fake_B.jpg,complex
c60c0fee1cc667f0_fake_B.jpg,complex
f8a2171e4f1f0d83_fake_B.jpg,complex
a03cc1e9ef39a392_fake_B.jpg,complex
ada6c294ce4a9b35_fake_B.jpg,complex
8021b94d437eb7d3_fake_B.jpg,complex
a2b59583525fe938_fake_B.jpg,complex
b10592f5aa562c5f_fake_B.jpg,complex
f1c0918f0b1ff4d8_fake_B.jpg,complex
eb3ac1d47a87d10c_fake_B.jpg,complex
e280def0237d3aa9_fake_B.jpg,complex
e135db37c5d33018_fake_B.jpg,complex
c58039da54edd6a5_fake_B.jpg,complex
ababc2d3da534a0a_fake_B.jpg,complex
af029b097a21b7d6_fake_B.jpg,complex
a56edda4cc98a499_fake_B.jpg,complex
e2b6d25b81e52bc4_fake_B.jpg,complex
ca14efc18dd6a91a_fake_B.jpg,complex
a4c99cde7ca46266_fake_B.jpg,complex
f549da302a3237b3_fake_B.jpg,complex
f2cdd2c568b23c32_fake_B.jpg,complex
ad52d5cb3cc4612e_fake_B.jpg,complex
e0969dca9b0da72a_fake_B.jpg,complex
e117ca201ff07a2f_fake_B.jpg,complex
8cace85a5555acbc_fake_B.jpg,complex
d4a097a54ec52be3_fake_B.jpg,complex
f1e1979e1ab23701_fake_B.jpg,complex
96ba4ad986a24c7d_fake_B.jpg,complex
ddcef5cac82bc808_fake_B.jpg,complex
b4dc49c886cdcd5a_fake_B.jpg,complex
bf998226264ccdcd_fake_B.jpg,complex
a55c83306b837acf_fake_B.jpg,complex
beffa7de96121000_fake_B.jpg,complex
f4ce7cfc02f012a3_fake_B.jpg,complex
95ec69d324a95aac_fake_B.jpg,complex
bba68490decac88f_fake_B.jpg,complex
b495d297a54b4aa6_fake_B.jpg,complex
d0b911952bbe2735_fake_B.jpg,complex
fc0ac3f89a518c3b_fake_B.jpg,complex
c9e0b56ed264d4ac_fake_B.jpg,complex
b47199950ddf268c_fake_B.jpg,complex
ff5e82d08bc3508b_fake_B.jpg,complex
aa82979f3e727062_fake_B.jpg,complex
9f9c55656a4592b2_fake_B.jpg,complex
a9bf3d501ab31523_fake_B.jpg,complex
f81fcdd00ce620de_fake_B.jpg,complex
d283694dcd91b5a5_fake_B.jpg,complex
aa9a946c4c23f3f1_fake_B.jpg,complex
db15ebaac07cd0a8_fake_B.jpg,complex
85e0cb69d2e6486f_fake_B.jpg,complex
9612da53e84f661b_fake_B.jpg,complex
f89897d89ce90d2c_fake_B.jpg,complex
ffb4f5a00097944b_fake_B.jpg,complex
d0c7793969c58716_fake_B.jpg,complex
fd0ad0ac8bc7459c_fake_B.jpg,complex
d4b9cbf09c3f8026_fake_B.jpg,complex
f169c4968dc25b8d_fake_B.jpg,complex
ad93e0face381634_fake_B.jpg,complex
b59a9518c50fc43f_fake_B.jpg,complex
e08ac3bf87f08655_fake_B.jpg,complex
a1cb94f9b8b63494_fake_B.jpg,complex
f724c2dec3c884cd_fake_B.jpg,complex
ebb14c6612d989ec_fake_B.jpg,complex
adb47b81930395cd_fake_B.jpg,complex
93a1d1d6e69a7451_fake_B.jpg,complex
e5ecc6c86f0d903c_fake_B.jpg,complex
fcd4ea8eda964083_fake_B.jpg,complex
a23db21ee88be04f_fake_B.jpg,complex
d2c68f9c0b217d87_fake_B.jpg,complex
e1a88352cf8f9f50_fake_B.jpg,complex
9192cdf1898afaaa_fake_B.jpg,complex
dd86d7c99ed80059_fake_B.jpg,complex
ff1dbeaa103a9118_fake_B.jpg,complex
fa0eb466e1acb4e0_fake_B.jpg,complex
81a0bf90db97946e_fake_B.jpg,complex
d0168db61fc01fc7_fake_B.jpg,complex
c5871e8c3deaa0b5_fake_B.jpg,complex
d1aacfbe1870059e_fake_B.jpg,complex
d1cccf27b860393c_fake_B.jpg,complex
f4edc092864b7e8c_fake_B.jpg,complex
97398ee8529435a7_fake_B.jpg,complex
a514ca4d47235f37_fake_B.jpg,complex
a05a70e5820f3aff_fake_B.jpg,complex
ac5a64bd49b2a8b5_fake_B.jpg,complex
b4da259604beda2b_fake_B.jpg,complex
e13dc681d6c251de_fake_B.jpg,complex
f191871c3d759781_fake_B.jpg,complex
ad5b36e89215c473_fake_B.jpg,complex
aa4575a5c0c5978f_fake_B.jpg,complex
e8d7cde0de400277_fake_B.jpg,complex
8f83c2ee646433e3_fake_B.jpg,complex
c5ece5c48190dbdc_fake_B.jpg,complex
f8f18ac01fda20fa_fake_B.jpg,complex
93d90c204f3d9bf2_fake_B.jpg,complex
9466c4d9c38eeac6_fake_B.jpg,complex
9e004fca3675d63c_fake_B.jpg,complex
81b637c03de1f899_fake_B.jpg,complex
c332cb3a8f720d27_fake_B.jpg,complex
9fd08acafc84e664_fake_B.jpg,complex
daa264512ab3b3e5_fake_B.jpg,complex
f0ce702b7d9043b3_fake_B.jpg,complex
d2dc93a0d09bc799_fake_B.jpg,complex
e19ca5d094ef7542_fake_B.jpg,complex
fb19d38bd288c760_fake_B.jpg,complex
938641cd349ccd7d_fake_B.jpg,complex
899f3ae55a32e21c_fake_B.jpg,complex
fa37c0d9dcb8018b_fake_B.jpg,complex
e51dbe299c79080f_fake_B.jpg,complex
a58f8e901971b2e7_fake_B.jpg,complex
fdb184d0d9cd234a_fake_B.jpg,complex
fd28c24e8abe306d_fake_B.jpg,complex
e058c07ccfbc5f30_fake_B.jpg,complex
9be561de7c792420_fake_B.jpg,complex
e48fc33896394739_fake_B.jpg,complex
bd0b90e51a87e1ce_fake_B.jpg,complex
811b2bd335e9cb16_fake_B.jpg,complex
ff84c00b033fb9b4_fake_B.jpg,complex
c1723cc7b01f9798_fake_B.jpg,complex
839b918b7ced00fc_fake_B.jpg,complex
e18ae3830ce33d3e_fake_B.jpg,complex
c0e7d4c5c9c709cb_fake_B.jpg,complex
a8745b6b9d62863c_fake_B.jpg,complex
fa2d94a1b4aba58c_fake_B.jpg,complex
9949a537e019c2bf_fake_B.jpg,complex
a9bfd2975a0b41a4_fake_B.jpg,complex
eaa86fc81665d817_fake_B.jpg,complex
ee2fa0bf8550d582_fake_B.jpg,complex
e0ea0ad5f7030f17_fake_B.jpg,complex
f0c00bc0afc7a2ef_fake_B.jpg,complex
bda9a5decc242c94_fake_B.jpg,complex
d1c5754ae835234f_fake_B.jpg,complex
a0e190929aeb78df_fake_B.jpg,complex
ccfe6ac9b5004da6_fake_B.jpg,complex
a1e0d5f01f1a59d9_fake_B.jpg,complex
bec0851f95b1c1ba_fake_B.jpg,complex
bd7f90298b41c82f_fake_B.jpg,complex
e714d79881ad60af_fake_B.jpg,complex
bdf995096a5066e8_fake_B.jpg,complex
e03a3fc498866acf_fake_B.jpg,complex
93eb385e2643eca4_fake_B.jpg,complex
dad21aed89374694_fake_B.jpg,complex
a5585b4a695571b6_fake_B.jpg,complex
d862f937c7d03720_fake_B.jpg,complex
967b689242d493f5_fake_B.jpg,complex
9396d3b49632a535_fake_B.jpg,complex
d4d9a0c63238cbfc_fake_B.jpg,complex
92c5db4cbce6852a_fake_B.jpg,complex
ed1405bd27f1e321_fake_B.jpg,complex
b02e92ea96dda21d_fake_B.jpg,complex
fd14956e1e6518cc_fake_B.jpg,complex
d4337000e09fb7bd_fake_B.jpg,complex
8a7526cbd23ce1e2_fake_B.jpg,complex
84a39ee15eb5419e_fake_B.jpg,complex
c96cc5d28d346c9b_fake_B.jpg,complex
fa1643dbcb400f5a_fake_B.jpg,complex
a1d2b7d02ad45cad_fake_B.jpg,complex
e03d81331db65cce_fake_B.jpg,complex
b8828287cfdafc49_fake_B.jpg,complex
d51b0dc558de2a4b_fake_B.jpg,complex
a0ed9ad6c7096a55_fake_B.jpg,complex
839883f0d5917eea_fake_B.jpg,complex
f839d5b00f871c96_fake_B.jpg,complex
b4a6c316dd5f4858_fake_B.jpg,complex
f6966ff0022df00b_fake_B.jpg,complex
cdb9f8c3d8c11689_fake_B.jpg,complex
952bd5415aa2bd74_fake_B.jpg,complex
aad446ea8bfe0ec0_fake_B.jpg,complex
8af52f087f712a0d_fake_B.jpg,complex
88216ed77666562e_fake_B.jpg,complex
f492c79b1cd9300f_fake_B.jpg,complex
94e7da9f283c45b0_fake_B.jpg,complex
ebb1e1958f0e11ac_fake_B.jpg,complex
a9b464c8bb236667_fake_B.jpg,complex
f5cdc18d8e9cc898_fake_B.jpg,complex
fd7694555a9807a8_fake_B.jpg,complex
fd9dc08c83a9caa9_fake_B.jpg,complex
ffa4c0969e7203d1_fake_B.jpg,complex
bdad81298bddfc00_fake_B.jpg,complex
b4ac9243dd471cd6_fake_B.jpg,complex
ffd9d1c180003f37_fake_B.jpg,complex
cad871996e4b78a2_fake_B.jpg,complex
da6dc3833d3c50b4_fake_B.jpg,complex
c3c8e29ccce80f2f_fake_B.jpg,complex
ab8882d99fc7cb0a_fake_B.jpg,complex
94ccde9c16ba2723_fake_B.jpg,complex
f06bd35786aa4e50_fake_B.jpg,complex
d495a683d8abe90b_fake_B.jpg,complex
d017cbab47a516aa_fake_B.jpg,complex
c9c68d6632b46679_fake_B.jpg,complex
8c98ec6fb596c2d0_fake_B.jpg,complex
e49e853c9ea51c27_fake_B.jpg,complex
816d69d2153fe84b_fake_B.jpg,complex
a896975ac2dd478a_fake_B.jpg,complex
f588106b4a037f77_fake_B.jpg,complex
cbc43c1cf2dfa230_fake_B.jpg,complex
bc0f4294b51ad6bc_fake_B.jpg,complex
ae94877a8d699c64_fake_B.jpg,complex
94b2129f1555755e_fake_B.jpg,complex
c1c16eb51dc6e370_fake_B.jpg,complex
b95e8554924979e9_fake_B.jpg,complex
cae1c855893f7c32_fake_B.jpg,complex
b43f8a609d7f094c_fake_B.jpg,complex
94934b8ead6e12b9_fake_B.jpg,complex
901bac9bedf505e0_fake_B.jpg,complex
f50da5b61a7620ad_fake_B.jpg,complex
a5eff281c9c10d8d_fake_B.jpg,complex
f4ddd2f2c9830ac1_fake_B.jpg,complex
84f26d8b126fe3a8_fake_B.jpg,complex
dbf568c23557c08a_fake_B.jpg,complex
b2e1c155d4fa207e_fake_B.jpg,complex
8ab7cafa03db6105_fake_B.jpg,complex
8c87c6d58cb99c71_fake_B.jpg,complex
f4cf9f10696b052c_fake_B.jpg,complex
9cc33c23b0df68b2_fake_B.jpg,complex
bd4b8834cdabc5a1_fake_B.jpg,complex
e1c5fafb48fcc100_fake_B.jpg,complex
8a8591d2e865f1db_fake_B.jpg,complex
e3e28ac011bd372f_fake_B.jpg,complex
b6e04ad5b54a62ab_fake_B.jpg,complex
e8e8ebb86d932c05_fake_B.jpg,complex
ec3ac4a99c87039f_fake_B.jpg,complex
a151e6d2dad615a3_fake_B.jpg,complex
9d0f6e60819f9a5a_fake_B.jpg,complex
dad170c986ecc23d_fake_B.jpg,complex
813fe22dc37e4750_fake_B.jpg,complex
a8b5c2a2d1cbcd8d_fake_B.jpg,complex
8d37caa695c9329a_fake_B.jpg,complex
95616485ee6a9cec_fake_B.jpg,complex
f37f07157c1b5011_fake_B.jpg,complex
c2651a17c319f759_fake_B.jpg,complex
af8743fa46a09c1d_fake_B.jpg,complex
9a9f9a25945661d5_fake_B.jpg,complex
dcb474a5f5631c42_fake_B.jpg,complex
bdbdc89546a91b22_fake_B.jpg,complex
966d7adab021433e_fake_B.jpg,complex
ba2090ba17da1f7c_fake_B.jpg,complex
d90e6135b7b093cc_fake_B.jpg,complex
8a9e5c177d273168_fake_B.jpg,complex
f5cec7ee854411a4_fake_B.jpg,complex
ed9c8fc01ae4b334_fake_B.jpg,complex
c6dccbfe14476403_fake_B.jpg,complex
be0bb4df00d66d14_fake_B.jpg,complex
bf679f609b84218c_fake_B.jpg,complex
b8911afb166204ff_fake_B.jpg,complex
81ae4e721bc9277a_fake_B.jpg,complex
95f1ea92663864b5_fake_B.jpg,complex
c6cd66a452a59b5a_fake_B.jpg,complex
dc95507836e4cbc3_fake_B.jpg,complex
ebf060c7f7e2a120_fake_B.jpg,complex
fc7fd461eac15500_fake_B.jpg,complex
f01dc0f06cc27e5b_fake_B.jpg,complex
d49ccce41ec5609f_fake_B.jpg,complex
a9d2492b6deb20bc_fake_B.jpg,complex
b1d1933c6832669f_fake_B.jpg,complex
c7d138c3d83b15ca_fake_B.jpg,complex
dfa219a18cc3a5f4_fake_B.jpg,complex
e4c5c4f249d6a98e_fake_B.jpg,complex
c5ec474e87945e58_fake_B.jpg,complex
f891d3fc12f7210c_fake_B.jpg,complex
b79097b45a699259_fake_B.jpg,complex
89ee37336341ce4c_fake_B.jpg,complex
9e9782773b183790_fake_B.jpg,complex
f1ec748841856ebb_fake_B.jpg,complex
e0a14bd6f4e1278e_fake_B.jpg,complex
a1bed512ea5a5ac2_fake_B.jpg,complex
8595b4054beb6a6d_fake_B.jpg,complex
aa8794dec486e5b2_fake_B.jpg,complex
f4f4c0122279fccd_fake_B.jpg,complex
bf68808591fe95a6_fake_B.jpg,complex
f66bd6d968c51405_fake_B.jpg,complex
df3f021ca2ea82ad_fake_B.jpg,complex
f87cc0d03e9e3616_fake_B.jpg,complex
fda42b619098cecd_fake_B.jpg,complex
e5b0fdf416025b0e_fake_B.jpg,complex
ddf4d8021ac8f27c_fake_B.jpg,complex
e699cada301dab70_fake_B.jpg,complex
f5029a7e8d66e494_fake_B.jpg,complex
abebd055d302e632_fake_B.jpg,complex
87441b3a6be47ec1_fake_B.jpg,complex
c9a5345ec78b4ac5_fake_B.jpg,complex
fa8bd0dfaa18a115_fake_B.jpg,complex
d5c06b6cb7141e4e_fake_B.jpg,complex
f6e1c2cf0ef428c8_fake_B.jpg,complex
e8f0981acbdd49c9_fake_B.jpg,complex
aae478b7af070c07_fake_B.jpg,complex
a38ed42de37611a9_fake_B.jpg,complex
818ad34b7a6ab59c_fake_B.jpg,complex
bdfc9a5950a0e48d_fake_B.jpg,complex
d4221a87cf2f5569_fake_B.jpg,complex
c1c63d9d2671383e_fake_B.jpg,complex
fbdbc381f94c3420_fake_B.jpg,complex
e721de461fca0aca_fake_B.jpg,complex
a4435afc74563635_fake_B.jpg,complex
c37b84d2dcc22e4d_fake_B.jpg,complex
a5d4d6c2ca0f4d17_fake_B.jpg,complex
e5adc490107378ef_fake_B.jpg,complex
abebddb19812049d_fake_B.jpg,complex
89f491c55b07ea78_fake_B.jpg,complex
9bd4cc8c52e9d52a_fake_B.jpg,complex
a1eb92c04b4537de_fake_B.jpg,complex
fdb888a73896b158_fake_B.jpg,complex
c06d02d4ca4af5df_fake_B.jpg,complex
ff15e21f06fa41c0_fake_B.jpg,complex
fb3ad2f4cdc00c07_fake_B.jpg,complex
adbc9082db89d8cd_fake_B.jpg,complex
9e176c685df204ba_fake_B.jpg,complex
9980d3d4c9c7cbc6_fake_B.jpg,complex
d8cd2c77f2b28348_fake_B.jpg,complex
c1e771ec33543aa8_fake_B.jpg,complex
85796f16e00653f5_fake_B.jpg,complex
9849732bc93267d9_fake_B.jpg,complex
fffe472a0001bd25_fake_B.jpg,complex
ff8ac1dcf03c8322_fake_B.jpg,complex
9832606f88fadcd9_fake_B.jpg,complex
c0331e70e127f1ee_fake_B.jpg,complex
a96294bfd89eac0a_fake_B.jpg,complex
896b3f80236d761b_fake_B.jpg,complex
f52b20978f3d28e1_fake_B.jpg,complex
f0478bcb08947f1e_fake_B.jpg,complex
b4e6ccdd2e0921ad_fake_B.jpg,complex
8bde3f5d5cd08484_fake_B.jpg,complex
a03b9da0d29aedb2_fake_B.jpg,complex
d5017e9fc074311f_fake_B.jpg,complex
f8d007df121a1a3f_fake_B.jpg,complex
fa28d49a096e3be1_fake_B.jpg,complex
ff08642fde5dc480_fake_B.jpg,complex
fbbec0c0052674dd_fake_B.jpg,complex
ce6132c865db299d_fake_B.jpg,complex
8a791370f72487ae_fake_B.jpg,complex
fbdbcf8121ac3130_fake_B.jpg,complex
fed8c91a493da035_fake_B.jpg,complex
85f4ed2423692f95_fake_B.jpg,complex
969a9a0f29b1f1d2_fake_B.jpg,complex
a4b88e49dcb5313b_fake_B.jpg,complex
9bdcc23296db1516_fake_B.jpg,complex
dc5d14097ff1d013_fake_B.jpg,complex
aa85d0dfcb6b406a_fake_B.jpg,complex
d4c4cbeb8131713d_fake_B.jpg,complex
d584da8a9d95a0af_fake_B.jpg,complex
dea69666de2868c8_fake_B.jpg,complex
a2a5d3d2498f3d2c_fake_B.jpg,complex
84bbf6dac5a0351a_fake_B.jpg,complex
f48541ca0a5ffc9c_fake_B.jpg,complex
cb04f13e18d377c2_fake_B.jpg,complex
ae4ab559144b3a7a_fake_B.jpg,complex
e11b115bc9e5f4e0_fake_B.jpg,complex
85b90c94badad92d_fake_B.jpg,complex
eb4f87a188b05db4_fake_B.jpg,complex
a0b295d2a96aedb4_fake_B.jpg,complex
a0e1929f3f0c157d_fake_B.jpg,complex
e88fdd1171351ce8_fake_B.jpg,complex
81a569f5e71b3213_fake_B.jpg,complex
80aaeaaa275d5e36_fake_B.jpg,complex
c797d09a486925be_fake_B.jpg,complex
c04f22253e2f367e_fake_B.jpg,complex
cbb4efc81a2ca04f_fake_B.jpg,complex
b421cc5b670f2397_fake_B.jpg,complex
f59e915d89240e3e_fake_B.jpg,complex
a16cb5978fd34a18_fake_B.jpg,complex
85c5705c1f5abab8_fake_B.jpg,complex
dd2d101ec2db3d07_fake_B.jpg,complex
a55ac55278a5709f_fake_B.jpg,complex
ab9599969a12696d_fake_B.jpg,complex
d298b77db0a1664a_fake_B.jpg,complex
fbd0c11f87821ce6_fake_B.jpg,complex
edd80fb9441f8570_fake_B.jpg,complex
caa63498933bee85_fake_B.jpg,complex
d0233ac60c76cfe9_fake_B.jpg,complex
9758623c9aac39da_fake_B.jpg,complex
921a1b74d672e966_fake_B.jpg,complex
feeacab409b2a053_fake_B.jpg,complex
f8804d2fe0bf0a5e_fake_B.jpg,complex
93bdcbc8c9ac01b3_fake_B.jpg,complex
8e8835d2ebdbc503_fake_B.jpg,complex
c7e003797e7e3482_fake_B.jpg,complex
ffd6c0c8fb3000b5_fake_B.jpg,complex
8dc98fc12935372d_fake_B.jpg,complex
cc9f44613fe130c7_fake_B.jpg,complex
ebd4dbb491663064_fake_B.jpg,complex
c7133086b13ecabe_fake_B.jpg,complex
8bb724d12d6457f0_fake_B.jpg,complex
dccc2772e44e2762_fake_B.jpg,complex
a8e492a69197dbd2_fake_B.jpg,complex
f474d2c8c70d725a_fake_B.jpg,complex
b1b6c1c797572425_fake_B.jpg,complex
e04fdecb2cc852a9_fake_B.jpg,complex
b56180f6fd9223c6_fake_B.jpg,complex
96b9a211c73b606f_fake_B.jpg,complex
f99bd07118e01f3c_fake_B.jpg,complex
85338f9de9893253_fake_B.jpg,complex
e5c6db9c91931b12_fake_B.jpg,complex
aac5b615f2b91983_fake_B.jpg,complex
e907f001c2f4aff4_fake_B.jpg,complex
ad53c34bda20e1e9_fake_B.jpg,complex
a43ad2929cda34db_fake_B.jpg,complex
98856a7a986d5d0f_fake_B.jpg,complex
a56583d27b4d10fa_fake_B.jpg,complex
b5df930140e43797_fake_B.jpg,complex
a5f5969c4ba16513_fake_B.jpg,complex
cf4f2f4e043c6487_fake_B.jpg,complex
c8ba81c58b96ee4d_fake_B.jpg,complex
9e8fccf26a27a130_fake_B.jpg,complex
ccdc9e82c2757562_fake_B.jpg,complex
baad94c9a1a9f550_fake_B.jpg,complex
a7dec204c6b8bea8_fake_B.jpg,complex
837bf495000ef75c_fake_B.jpg,complex
81935a3879e1f68e_fake_B.jpg,complex
8f137ee1d4f01a58_fake_B.jpg,complex
acacb6325339ac8e_fake_B.jpg,complex
c2883f3c52b2e29f_fake_B.jpg,complex
b8ac82edcd8d6c4a_fake_B.jpg,complex
b07a97ac78ba3152_fake_B.jpg,complex
c03ec9c12c87377e_fake_B.jpg,complex
9cd0cc3176c4fad1_fake_B.jpg,complex
93a7c1dd2fe04f20_fake_B.jpg,complex
d710eb3087f21f85_fake_B.jpg,complex
d497d48810ec63df_fake_B.jpg,complex
8a695cd7e4533513_fake_B.jpg,complex
b4bb84dbbc8a18cc_fake_B.jpg,complex
c52657ecc646e2f0_fake_B.jpg,complex
9787c960599586cf_fake_B.jpg,complex
8fb63ed66891b0d0_fake_B.jpg,complex
f716943183397af0_fake_B.jpg,complex
c087c43f83710fde_fake_B.jpg,complex
80331e0efb74dd62_fake_B.jpg,complex
ff3fd02a82ad8a84_fake_B.jpg,complex
b8d7d30f9814d01f_fake_B.jpg,complex
fc3fcb60f8e1a180_fake_B.jpg,complex
969a9af9198196b3_fake_B.jpg,complex
92f9ca821c8779f2_fake_B.jpg,complex
d0f5e0ed993a5a18_fake_B.jpg,complex
d01d6ac466173f53_fake_B.jpg,complex
cf7e6070c74795a0_fake_B.jpg,complex
aad29ff152bd8106_fake_B.jpg,complex
fde6c6a1364e3310_fake_B.jpg,complex
aaadf2d2c0c9cfc0_fake_B.jpg,complex
ed70d26a99d51a8c_fake_B.jpg,complex
b0f8d5b4ca09955e_fake_B.jpg,complex
c09f21a433bf3758_fake_B.jpg,complex
e56ad2368f397121_fake_B.jpg,complex
d8d2f0f08df65982_fake_B.jpg,complex
e5eac12f137b8151_fake_B.jpg,complex
95c685566ab21f59_fake_B.jpg,complex
b46ac265a56cabb2_fake_B.jpg,complex
98907fcaea0f3127_fake_B.jpg,complex
a0c6d0d49cdf1e5a_fake_B.jpg,complex
c3fd3ed2c0f18720_fake_B.jpg,complex
f59ec6c1c89ec350_fake_B.jpg,complex
c0b5a7fd6d1b40d0_fake_B.jpg,complex
ac6902fd1f0f3ce0_fake_B.jpg,complex
9439dea52c7329c9_fake_B.jpg,complex
b4a3c8859bd25b3a_fake_B.jpg,complex
8d334c9373cd9853_fake_B.jpg,complex
c933888f37b9b813_fake_B.jpg,complex
b2e3c7d3028db1ac_fake_B.jpg,complex
dd9b1bd851f03033_fake_B.jpg,complex
e84b955f01f03f4c_fake_B.jpg,complex
a4d71aa9157ab856_fake_B.jpg,complex
cad266c5af39a832_fake_B.jpg,complex
bf36052ada36063d_fake_B.jpg,complex
f0ded1e91ee0420f_fake_B.jpg,complex
fb3ec3ca2e0964b0_fake_B.jpg,complex
f198e1c8ff003e65_fake_B.jpg,complex
c788966fa82589f6_fake_B.jpg,complex
ec43879d3ab1610f_fake_B.jpg,complex
ea28d0d55c95743b_fake_B.jpg,complex
fd816136fc9ca04d_fake_B.jpg,complex
b4bd8f0960f0f0f8_fake_B.jpg,complex
d69ca9cac9c5944d_fake_B.jpg,complex
aaabdfd61f1c8404_fake_B.jpg,complex
a9f39543cc256cf0_fake_B.jpg,complex
e1bd81a46d56e45a_fake_B.jpg,complex
d5e8c333133db82c_fake_B.jpg,complex
d034b416d6373f29_fake_B.jpg,complex
c1e663bafe42c44a_fake_B.jpg,complex
adbc373ed8c73004_fake_B.jpg,complex
fede9529eba83010_fake_B.jpg,complex
84a507f705587f78_fake_B.jpg,complex
f8bfc3eaa223b104_fake_B.jpg,complex
8aa5ce176c934de1_fake_B.jpg,complex
b565d204cd796d31_fake_B.jpg,complex
a4efb0c51234fe86_fake_B.jpg,complex
8125cbde3f2181d7_fake_B.jpg,complex
ab90a590dd415bcf_fake_B.jpg,complex
c52c1a7265f13d8e_fake_B.jpg,complex
f41fc196c2cade03_fake_B.jpg,complex
f0e3c77e0c70f811_fake_B.jpg,complex
e996c0951aa9d5ae_fake_B.jpg,complex
f083d29eb9fe6024_fake_B.jpg,complex
ce2186d5ce759e90_fake_B.jpg,complex
e195c7ea1df4200f_fake_B.jpg,complex
e517bc1ec0b80dae_fake_B.jpg,complex
aacaa2da5a38da71_fake_B.jpg,complex
c5e324359ea1ec8d_fake_B.jpg,complex
a1ef616bc04a675a_fake_B.jpg,complex
e1e7cb3258729545_fake_B.jpg,complex
98d8e3d2ce3074d9_fake_B.jpg,complex
ede81a32efa83ac0_fake_B.jpg,complex
d46d2fc1b40b740f_fake_B.jpg,complex
adbb95a75a8445c4_fake_B.jpg,complex
c3b2137ad30383eb_fake_B.jpg,complex
a553050d73ecf926_fake_B.jpg,complex
dae5d3228f92069e_fake_B.jpg,complex
f6a6e2ca93274c58_fake_B.jpg,complex
aabd55a091d72d83_fake_B.jpg,complex
a0f0b76a654445df_fake_B.jpg,complex
e2dbc7222f866331_fake_B.jpg,complex
a56ffa4aca4e024e_fake_B.jpg,complex
dbc6d4b6241925b9_fake_B.jpg,complex
e0578e9a214bbeac_fake_B.jpg,complex
f1b48b88abe26a66_fake_B.jpg,complex
df92f89611b41f41_fake_B.jpg,complex
9f227a89b64a42f9_fake_B.jpg,complex
a0a2c5d64f6cfa68_fake_B.jpg,complex
ea675274ca82ac9b_fake_B.jpg,complex
98ddd09991a9370f_fake_B.jpg,complex
8dbb1ad3b44b684a_fake_B.jpg,complex
cfb92e3983c83b44_fake_B.jpg,complex
b04dd238ddb254d5_fake_B.jpg,complex
fc9e9ed1320256e4_fake_B.jpg,complex
ba67b0623aad05d5_fake_B.jpg,complex
baa1966eda40e927_fake_B.jpg,complex
d68a41f6ea2239d5_fake_B.jpg,complex
a47ad2f981f185e1_fake_B.jpg,complex
8bb571d0d2ce8aaa_fake_B.jpg,complex
c7e003decc013f5e_fake_B.jpg,complex
d6f8a089edf32846_fake_B.jpg,complex
9991da2c34fe914d_fake_B.jpg,complex
ae51f5f34a251b21_fake_B.jpg,complex
ccbfb1329208cfcc_fake_B.jpg,complex
c94d815dc459bd1b_fake_B.jpg,complex
e8df04865c3aad95_fake_B.jpg,complex
8bda74e18b458f0d_fake_B.jpg,complex
8e97869f9e143863_fake_B.jpg,complex
c8f34a9e5a6835cc_fake_B.jpg,complex
a740c2fb0cb57c3c_fake_B.jpg,complex
c0e18cf07d1b2de9_fake_B.jpg,complex
d09c2dc1e8f1f6e0_fake_B.jpg,complex
efb0862a1efab882_fake_B.jpg,complex
f7e0c7d692386816_fake_B.jpg,complex
a8469cafcc95cda1_fake_B.jpg,complex
caad24d0fcf2ac91_fake_B.jpg,complex
f03393cc310f9fb0_fake_B.jpg,complex
f93d9b138bb3c042_fake_B.jpg,complex
97abdad2485a4b25_fake_B.jpg,complex
fa4785678cd02cda_fake_B.jpg,complex
fc738523d240a7cd_fake_B.jpg,complex
d0fe91c042a1f5f6_fake_B.jpg,complex
d4fe4be1c0c7129c_fake_B.jpg,complex
fbe841dc934f40a9_fake_B.jpg,complex
c0ac83d7b40b9ed5_fake_B.jpg,complex
c3983c65478f94dc_fake_B.jpg,complex
aee095975641dab2_fake_B.jpg,complex
ffa09422ca21edab_fake_B.jpg,complex
d7fd10fb8365d080_fake_B.jpg,complex
909d9bf73e609684_fake_B.jpg,complex
94e9c93678307b27_fake_B.jpg,complex
991ac8d8b08ff05f_fake_B.jpg,complex
a36f90d4971af2c2_fake_B.jpg,complex
b4d3cb9d5d586822_fake_B.jpg,complex
a2cac0c2e9bbf12d_fake_B.jpg,complex
aad6ca1bcb296551_fake_B.jpg,complex
b4b0cb45f5ceb284_fake_B.jpg,complex
d5c294d891b56b66_fake_B.jpg,complex
ff847e06b4476660_fake_B.jpg,complex
c4e51ee01d484dfb_fake_B.jpg,complex
aa61d7a59e1494dc_fake_B.jpg,complex
cad070a8429fd73d_fake_B.jpg,complex
bc8292dbca8dc85d_fake_B.jpg,complex
fe59c2f00f61742c_fake_B.jpg,complex
d86989dacd862cae_fake_B.jpg,complex
acae541ad5d79107_fake_B.jpg,complex
dfa488878aef88e4_fake_B.jpg,complex
efce028787c34f84_fake_B.jpg,complex
afe416a0896fc19d_fake_B.jpg,complex
859d3ac6e0bc4fa1_fake_B.jpg,complex
f8afde0e1f989011_fake_B.jpg,complex
edc2c61bc5798163_fake_B.jpg,complex
e1d3951dc86d0d36_fake_B.jpg,complex
86a787878ebf6a04_fake_B.jpg,complex
efc084fd3e344561_fake_B.jpg,complex
d90fc693d22589f2_fake_B.jpg,complex
a0bfc7e1c88e704b_fake_B.jpg,complex
caa635f0d56e8c0d_fake_B.jpg,complex
e10b6216f01ff476_fake_B.jpg,complex
fea880b74f960c8b_fake_B.jpg,complex
a2f9d289c8d64b8b_fake_B.jpg,complex
8dfae9d78cc32089_fake_B.jpg,complex
8258bf3ade20f4f0_fake_B.jpg,complex
d0c09d9e21eb6367_fake_B.jpg,complex
fca0239fadaad051_fake_B.jpg,complex
95aa53c32965a0ef_fake_B.jpg,complex
c0cb3f1b38f8e0d4_fake_B.jpg,complex
c5d8d129e69686da_fake_B.jpg,complex
bf670a2d05939659_fake_B.jpg,complex
e1019ab5ddd11acb_fake_B.jpg,complex
caad5796e8d18592_fake_B.jpg,complex
b560d217cd8b24af_fake_B.jpg,complex
84716ec589edc9b4_fake_B.jpg,complex
f8fdc0a083e0cf87_fake_B.jpg,complex
d0dc971d26c3299b_fake_B.jpg,complex
f01fd9f59e4602d0_fake_B.jpg,complex
c2a9ebb1307c7cc4_fake_B.jpg,complex
bc91ec6d97669222_fake_B.jpg,complex
bec43e01d06ba5ab_fake_B.jpg,complex
d2c5914c33f43d27_fake_B.jpg,complex
c5fd3e99703ad110_fake_B.jpg,complex
a4b5b3696bd0d292_fake_B.jpg,complex
a1c9944a4bbcede2_fake_B.jpg,complex
b222d237ad349ef0_fake_B.jpg,complex
c7c763814169f9b8_fake_B.jpg,complex
984fa9ca5c25e64b_fake_B.jpg,complex
ad95f575c2b42816_fake_B.jpg,complex
98b039a386bbde07_fake_B.jpg,complex
b66292b64a9a74da_fake_B.jpg,complex
be94a83ed0be4274_fake_B.jpg,complex
a5ea2185ca87d787_fake_B.jpg,complex
a55235c3d735a7c0_fake_B.jpg,complex
e46396a07c3fa784_fake_B.jpg,complex
ee4c323209ea4df3_fake_B.jpg,complex
b9f8d5c0d5c0864f_fake_B.jpg,complex
f07a976798070da6_fake_B.jpg,complex
a429d29769cf3a4c_fake_B.jpg,complex
88b65ca79970317b_fake_B.jpg,complex
ccd230e047ff1475_fake_B.jpg,complex
fdd605c4d0e0e83d_fake_B.jpg,complex
c1a115d55fd53507_fake_B.jpg,complex
c13330f952396b3d_fake_B.jpg,complex
f1a5cec0c1f52e43_fake_B.jpg,complex
c130dc7e1fca307a_fake_B.jpg,complex
c8619db972479936_fake_B.jpg,complex
e4f9a5d731ea1260_fake_B.jpg,complex
ac8238ccd6bf807e_fake_B.jpg,complex
e4fbdc902d920fc2_fake_B.jpg,complex
ad8ad1d20aef544e_fake_B.jpg,complex
f197d2cb17a60496_fake_B.jpg,complex
aa6284e75eb56d50_fake_B.jpg,complex
8b1fba5efa125418_fake_B.jpg,complex
adc0d09a2566ef6c_fake_B.jpg,complex
942c8c9cdf5b28f4_fake_B.jpg,complex
85929aad6d5591d9_fake_B.jpg,complex
cc7825d823eb87ca_fake_B.jpg,complex
8585704f5178cf9b_fake_B.jpg,complex
da51a8593de5466c_fake_B.jpg,complex
d4fe7cb468491989_fake_B.jpg,complex
ba69ca62cda494ad_fake_B.jpg,complex
a081d4e09f0b9efe_fake_B.jpg,complex
a2c3ca6db8b45a9a_fake_B.jpg,complex
9bf9cca507923334_fake_B.jpg,complex
f7e2931711f82b03_fake_B.jpg,complex
fc2ac1e8ceb18d45_fake_B.jpg,complex
8bd96ae02c2b9cb6_fake_B.jpg,complex
a98081d51bdede0f_fake_B.jpg,complex
bda140f19593db83_fake_B.jpg,complex
d0e314de68fc29b4_fake_B.jpg,complex
ea4b0fadc4851d9c_fake_B.jpg,complex
b40fd44a8bddc790_fake_B.jpg,complex
91af19dc085faab1_fake_B.jpg,complex
dbb83a9fc564a481_fake_B.jpg,complex
81cf7d7854071753_fake_B.jpg,complex
de450fc62b9429d6_fake_B.jpg,complex
b5b792c9c900c4f7_fake_B.jpg,complex
f48bbf6d05545298_fake_B.jpg,complex
ea0182c7f78e8eb8_fake_B.jpg,complex
82db97c102e8cf9d_fake_B.jpg,complex
ac6cb66ad7341296_fake_B.jpg,complex
89cfa93dcc0587a3_fake_B.jpg,complex
beb960c19fa688b1_fake_B.jpg,complex
c2dc312fed08623f_fake_B.jpg,complex
a5726ac19226dae7_fake_B.jpg,complex
bcb4988f0b4a55ec_fake_B.jpg,complex
fd0dd04fc00ccf78_fake_B.jpg,complex
ade09f05c8e0e8db_fake_B.jpg,complex
e3fcc7e08ed64c02_fake_B.jpg,complex
e0cb3f081fbe65a0_fake_B.jpg,complex
84713e23c0d37b6e_fake_B.jpg,complex
e0fd9ed2de40a8a8_fake_B.jpg,complex
9220679eb67dca52_fake_B.jpg,complex
95657ad066dc6a86_fake_B.jpg,complex
ffe7838f0024ff00_fake_B.jpg,complex
b66a9196a4db8ba2_fake_B.jpg,complex
b1e4c7830f1b5a72_fake_B.jpg,complex
9fcb68a0fc2a60ae_fake_B.jpg,complex
ece042e8ef454d0f_fake_B.jpg,complex
e5569673d061b067_fake_B.jpg,complex
9463ca296fd425bc_fake_B.jpg,complex
b42edcb0841b4e7e_fake_B.jpg,complex
f953c3b05aa545ca_fake_B.jpg,complex
abc6c7d4c6aa0a2e_fake_B.jpg,complex
8ae5c88ec78eef80_fake_B.jpg,complex
d6e89229eadcc9c2_fake_B.jpg,complex
c59a6a9742cd266d_fake_B.jpg,complex
9636cf240de139ea_fake_B.jpg,complex
cd8e56150de83e56_fake_B.jpg,complex
d95f30a5c05f0fc2_fake_B.jpg,complex
a556b6f87878682a_fake_B.jpg,complex
d382ef2d8332e6c4_fake_B.jpg,complex
d1da92ca9e74da82_fake_B.jpg,complex
fc0ec8d728c467a3_fake_B.jpg,complex
a5a152e5df8483ae_fake_B.jpg,complex
d5a9cddc9083033f_fake_B.jpg,complex
c6b214c2ac455f3f_fake_B.jpg,complex
a560d1368e5eaf0d_fake_B.jpg,complex
d085401b6f7f3c63_fake_B.jpg,complex
899ccb9eac627427_fake_B.jpg,complex
adb6d6e1030fc683_fake_B.jpg,complex
f7f850b581c2e08f_fake_B.jpg,complex
fcf8cad027e5a182_fake_B.jpg,complex
8eb0da4b65b0638f_fake_B.jpg,complex
a8a9d5991e180f3f_fake_B.jpg,complex
a4bc1bc398bbb0b8_fake_B.jpg,complex
c0c0c6cfce9d9e1c_fake_B.jpg,complex
91a71de9b0b8725a_fake_B.jpg,complex
f1a623120fbfb1c1_fake_B.jpg,complex
e47492f4aacb603d_fake_B.jpg,complex
92baa7256482679f_fake_B.jpg,complex
af62de7545d51224_fake_B.jpg,complex
e0cd96d84bb2eb42_fake_B.jpg,complex
ac4b87b4a992565d_fake_B.jpg,complex
a18f176769c3c07c_fake_B.jpg,complex
aeec743ce11f003e_fake_B.jpg,complex
b59a210755bafe09_fake_B.jpg,complex
aa35d69a5e5229e1_fake_B.jpg,complex
91ece5c69907362b_fake_B.jpg,complex
e0d0cdcaffc6290c_fake_B.jpg,complex
fc83c05b8f247e31_fake_B.jpg,complex
afebc22513267383_fake_B.jpg,complex
adb0dcc2cdc0c2f6_fake_B.jpg,complex
f174962487d5ae16_fake_B.jpg,complex
89df8738da38a196_fake_B.jpg,complex
c8e271b852b88fae_fake_B.jpg,complex
a564f35bdc6c5602_fake_B.jpg,complex
ed7394c162343f64_fake_B.jpg,complex
e8fdc098ab583738_fake_B.jpg,complex
9c99786a63786571_fake_B.jpg,complex
9d3824db1a71c5ec_fake_B.jpg,complex
d3f3981676c34358_fake_B.jpg,complex
f8f30e188e0bef60_fake_B.jpg,complex
b45ad496551a9679_fake_B.jpg,complex
a3658a948953d65f_fake_B.jpg,complex
e986c1e9ddcf6300_fake_B.jpg,complex
efd8c7983ee03007_fake_B.jpg,complex
95385a2db0e79595_fake_B.jpg,complex
98a589c066c8dbfb_fake_B.jpg,complex
a5b4e68b8e3d44d8_fake_B.jpg,complex
82ec9b372f852f18_fake_B.jpg,complex
aa52c1e8cdb4da9a_fake_B.jpg,complex
f49bcb4f513c2318_fake_B.jpg,complex
ca3d0936e52669c7_fake_B.jpg,complex
f51ee3f8988478c4_fake_B.jpg,complex
a9e0d7f7c3124d22_fake_B.jpg,complex
ab5265bd8e1a9551_fake_B.jpg,complex
a04a7269a7d78793_fake_B.jpg,complex
a907fd3fc5d80429_fake_B.jpg,complex
f85f07a94f2436e0_fake_B.jpg,complex
f529c3a15596e994_fake_B.jpg,complex
a9525d8554fa04bf_fake_B.jpg,complex
c66d1ecf703c8cd0_fake_B.jpg,complex
d5f403d4fb2c5069_fake_B.jpg,complex
b5a6c61bab4831ba_fake_B.jpg,complex
dac0373d709583cb_fake_B.jpg,complex
84947bc7e9688d96_fake_B.jpg,complex
bc6880d7ffc82495_fake_B.jpg,complex
96922bcb8358e769_fake_B.jpg,complex
f78f924dd210e199_fake_B.jpg,complex
eb1981dfd100fd38_fake_B.jpg,complex
bfef9081d499c609_fake_B.jpg,complex
d4528d6f0d8add51_fake_B.jpg,complex
e0f4c0f48aca6b9e_fake_B.jpg,complex
a64cf7a8cc933c32_fake_B.jpg,complex
b0b4cb8adf1f1624_fake_B.jpg,complex
fdf0043206b37f07_fake_B.jpg,complex
c1cd9ac4a877a2dc_fake_B.jpg,complex
e5eac4d0cf081e73_fake_B.jpg,complex
c4ea4ccfa3d1113b_fake_B.jpg,complex
a4f856d64149ef1c_fake_B.jpg,complex
da0d66337b090cf6_fake_B.jpg,complex
a2e4d364c0edd95a_fake_B.jpg,complex
95575250487eed8b_fake_B.jpg,complex
c7b79dc84d496498_fake_B.jpg,complex
9770db4b490aeda4_fake_B.jpg,complex
a07b0390dc9bab6d_fake_B.jpg,complex
8568b2e313eefc12_fake_B.jpg,complex
bee099878e1c6674_fake_B.jpg,complex
fdec8cd44e88ca92_fake_B.jpg,complex
97cca368aee1e710_fake_B.jpg,complex
a4877159d3e28e5c_fake_B.jpg,complex
d1ed1312adc221fe_fake_B.jpg,complex
e1881b59f1e7e0e8_fake_B.jpg,complex
dd849e911d0be0ee_fake_B.jpg,complex
db08e9d3254d332d_fake_B.jpg,complex
fae7c0a28d2218ef_fake_B.jpg,complex
888e5642ce65f771_fake_B.jpg,complex
a5f7c2f28e523c81_fake_B.jpg,complex
ab89d542c8cb2dc7_fake_B.jpg,complex
b2c9ca954e6c6c56_fake_B.jpg,complex
a01be1d0aeaf6a5a_fake_B.jpg,complex
c1853f3ed1d028e7_fake_B.jpg,complex
97c238b84983b5be_fake_B.jpg,complex
d6b8c9c8fac6a0c5_fake_B.jpg,complex
d664d0342dc7c68f_fake_B.jpg,complex
ff08c71cf0b42ba2_fake_B.jpg,complex
8a9e59da6b61608f_fake_B.jpg,complex
bdb7bdd3588a0841_fake_B.jpg,complex
c97f0593ac3974b0_fake_B.jpg,complex
c01f3997195b90f3_fake_B.jpg,complex
aabce190875b2f23_fake_B.jpg,complex
9217c53da18de1ae_fake_B.jpg,complex
e0f6c61c4eb8698b_fake_B.jpg,complex
851aa29da98f734b_fake_B.jpg,complex
ff0a863660b26c9b_fake_B.jpg,complex
80c61d6b492d76b7_fake_B.jpg,complex
e9b2dbf2e0a3824a_fake_B.jpg,complex
c140deffbcfe0180_fake_B.jpg,complex
db0507ff06e62e81_fake_B.jpg,complex
ff4538e80569e519_fake_B.jpg,complex
83e1bc9ee0f07865_fake_B.jpg,complex
f07ecb2512a69b46_fake_B.jpg,complex
a9fa63a5d45e8c42_fake_B.jpg,complex
b7cc0f91c0d9e9c8_fake_B.jpg,complex
a51bc01b316b6a5f_fake_B.jpg,complex
b12ed0deb1605de8_fake_B.jpg,complex
9699c29285f81eed_fake_B.jpg,complex
fd1782a0c825bde5_fake_B.jpg,complex
d4f085698f399c3a_fake_B.jpg,complex
cc679ece7431d80c_fake_B.jpg,complex
ad61976790b48f92_fake_B.jpg,complex
d5b23ff00ba8c583_fake_B.jpg,complex
e573c213ab413dcc_fake_B.jpg,complex
eab0d51782a7b4c3_fake_B.jpg,complex
f78f879c8068b8d2_fake_B.jpg,complex
c6943070f79b18de_fake_B.jpg,complex
e89e1c660f9a849f_fake_B.jpg,complex
d4f3c2d24bcd250e_fake_B.jpg,complex
9de59a9c27c148d3_fake_B.jpg,complex
e9bf609f378012e4_fake_B.jpg,complex
b7e37390903d1f44_fake_B.jpg,complex
83f6eb92b4a9a454_fake_B.jpg,complex
f0b23475d54585e9_fake_B.jpg,complex
8bf8dc40ec70a4fa_fake_B.jpg,complex
bd4888a6775af2c8_fake_B.jpg,complex
8e7e70a6878c1c79_fake_B.jpg,complex
bac3ed8f1d058a38_fake_B.jpg,complex
b5c0c2ea4bd48d57_fake_B.jpg,complex
c0cf64c73e233333_fake_B.jpg,complex
a7a7479ea438515a_fake_B.jpg,complex
bdc0156956e9c05f_fake_B.jpg,complex
d5f5359d40aec258_fake_B.jpg,complex
84586bc95bd8cecc_fake_B.jpg,complex
e143438d836bd51f_fake_B.jpg,complex
c0701e4be4ad3eec_fake_B.jpg,complex
b00c977d23f02fd4_fake_B.jpg,complex
a4a56baad549e8a9_fake_B.jpg,complex
800113bb65efe69e_fake_B.jpg,complex
ad9806abc2fc4e87_fake_B.jpg,complex
8949deb5aa9445f2_fake_B.jpg,complex
e92f3d3ae18894d4_fake_B.jpg,complex
eab5d0d26d426a35_fake_B.jpg,complex
d32ceccb0076e317_fake_B.jpg,complex
f4e0f3d6cdc21449_fake_B.jpg,complex
c7bd27c41a52d8c6_fake_B.jpg,complex
80af63966d9272e9_fake_B.jpg,complex
b1a7e3c7464d3b20_fake_B.jpg,complex
c65a0fc4c80fd4eb_fake_B.jpg,complex
8b5295986c998bf9_fake_B.jpg,complex
94325f9125bb52b6_fake_B.jpg,complex
fa05c054c9d7ced2_fake_B.jpg,complex
f528cbb0c5c1f0cd_fake_B.jpg,complex
eb1f86689e81bb0c_fake_B.jpg,complex
fa90c6c31fde210b_fake_B.jpg,complex
899d95461f6f6305_fake_B.jpg,complex
ec3f8031947375e2_fake_B.jpg,complex
ea60c5e31443a6fe_fake_B.jpg,complex
f5e010dcd3c8ed0d_fake_B.jpg,complex
bd9dca68a44dd505_fake_B.jpg,complex
96249ec5319f454f_fake_B.jpg,complex
abda30b2959a74d1_fake_B.jpg,complex
c6c6b8303787e3a5_fake_B.jpg,complex
e882c58f9cf888ed_fake_B.jpg,complex
8a70aa5145aeb3af_fake_B.jpg,complex
9fd72a18e1691527_fake_B.jpg,complex
add4d5ad8aaac350_fake_B.jpg,complex